listing_creator,listing_id,gas_price,gas_used,block_number,timestamp,transaction_hash,event_type
0x0E811d348533aa0802bF43c000b95E31682CC4bf,78916,33356373,49956,4982492,1743099735,0xe8e629248c70c495bd709423f746f77833aa3fbc5d01a03c67408e3be1872622,CancelledListing
0x7D15B6cAA133903017234C97969e82702338A3c9,78886,33400000,49956,4982525,1743099801,0x0c616468ad2897aa58dffced71a57b5633b8edee0fa6ef05858cca7656c4da30,CancelledListing
0x7D15B6cAA133903017234C97969e82702338A3c9,78928,33660000,49956,4982784,1743100319,0xaa87fd5031c287f82e5ddbbac5715132361d2b6da5c85ed67c46773976d2f540,CancelledListing
0xA9BeC552c2E86BEc930f8c7433AF1a818d8484c4,43819,35438335,49944,4982900,1743100551,0xe5713faee3138570e9ec0b463405b3e8d92ebcaf64bb0e9249f3b646139ae5aa,CancelledListing
0x0E811d348533aa0802bF43c000b95E31682CC4bf,78949,35144228,49956,4982956,1743100663,0x50060637bb4a245761c14efb2fec861cb2d25de72054cf9ded9445579136c71c,CancelledListing
0x0E811d348533aa0802bF43c000b95E31682CC4bf,78951,35104263,49956,4982963,1743100677,0x9b42ac10f2c205907fa669118c4e34321e34f49b543028a2491f48e0ffe1e1a0,CancelledListing
0x0E811d348533aa0802bF43c000b95E31682CC4bf,78960,34675656,49956,4983054,1743100859,0xd0ed7eaea0a79c5933ff4559eb0948cb3f3564efbf29f20bb85bbbd80988930a,CancelledListing
0x0E811d348533aa0802bF43c000b95E31682CC4bf,78961,34689607,49956,4983079,1743100909,0x5d7b6b9075e541a72486e30feff9c5bce7d36f05bd461944206eced770b4cdbe,CancelledListing
0x3573f71C5604E038d3dA3D8Ec8C1A611EA56649a,78959,34760000,49956,4983123,1743100997,0xb0f00caf4248206f5e67728fbe95dd85c7c0ff8f7dbd6cbae0dd1dd1fe3c2a4a,CancelledListing
0x7D15B6cAA133903017234C97969e82702338A3c9,78973,33560000,49956,4983371,1743101493,0x5e0212cdb98e6d90b9b39f30124c4e1269d48ce8bca6fd7d07b1b8033269ed8a,CancelledListing
0xd317Bc82c470550F15dCfcb110c6f8185d9B833f,78984,32460000,49956,4983480,1743101711,0x1f62adef6873ff5ec6828837e2cab5e27e8bab9b6a4c09e4b1d1c2054e2313fd,CancelledListing
0xd317Bc82c470550F15dCfcb110c6f8185d9B833f,78989,32350000,49956,4983490,1743101731,0x7301f15f45da27aa5aa14390ede756f48f2d2c9b449136031f89ff92347d1d35,CancelledListing
0xd317Bc82c470550F15dCfcb110c6f8185d9B833f,78990,32350000,49956,4983501,1743101753,0x875b5736c1a73f697af19e6487b344a4963db8ac45c04dcfce793a0e942469d8,CancelledListing
0x8cf5FD44205949B5790149A0D81eF2BC132901a2,78969,61602067,49956,4983545,1743101841,0x10b20f5e034a749ef2c583c0cad1d882ea6b08fe18c8aba6bf5440437cce6907,CancelledListing
0x8cf5FD44205949B5790149A0D81eF2BC132901a2,78995,60884952,49956,4983634,1743102019,0xa2243702b6ab618303e077a5eccdf52393531ee7629275a9bf07b81b8202ba7a,CancelledListing
0xd317Bc82c470550F15dCfcb110c6f8185d9B833f,79010,31100000,49956,4983663,1743102077,0xc5097cdf0d6ed1226387554255e240757f2b06c3c0f09bfc31ae248d347ac40b,CancelledListing
0xd317Bc82c470550F15dCfcb110c6f8185d9B833f,79015,31100000,49956,4983668,1743102087,0xf9a1e253a3995b900f459db5604c94635b0bceb78c064f47161d9b5421f0284d,CancelledListing
0xd317Bc82c470550F15dCfcb110c6f8185d9B833f,79017,31100000,49956,4983673,1743102097,0x5ef5d2d655f9edc9a614ed9ecf185c63a918cf02e8ba3fd6458ebe4472b4eb58,CancelledListing
0x7D15B6cAA133903017234C97969e82702338A3c9,79013,31100000,49956,4983690,1743102131,0xeebf0a3bda92cca122a765294444ac221f60ca7ada19c0173fcc174227d7be15,CancelledListing
0x7D15B6cAA133903017234C97969e82702338A3c9,79026,30980000,49956,4983798,1743102347,0x7e2d28ea20967af74479331cbfbf44356c80903b94f1ecaa572dac26dbfb781a,CancelledListing
0x33F9e6FfEf1400065e5469b4bd528AD7B79CB2de,79063,30030000,49956,4984086,1743102923,0xd207422cdbf2b60a6634127f20de6520c0d8bfef3fea8b7e0d8d5724cde4a7d7,CancelledListing
0x33F9e6FfEf1400065e5469b4bd528AD7B79CB2de,79065,30010000,49956,4984108,1743102967,0x8c8a590e198a19ca219c6a00dbf6430840d048b24e71ee551d044b69f04bb14e,CancelledListing
0x959d64fCb52632478c3C07dC277d2BF5B8B42205,79068,35800000,49956,4984129,1743103009,0x9a84aada92497e543ffcd51aeb46cb2abfac34bd5c2fbcbb23783cdb7516f3de,CancelledListing
0x29C4285346aF56414e52d268B01f57842c0d227F,77802,30109483,49956,4984180,1743103111,0xfa1274d82a4b0e379cda5a2ff30d9772e4703ceeefa52df40cc733fc545cf692,CancelledListing
0x29C4285346aF56414e52d268B01f57842c0d227F,77805,30212348,49956,4984197,1743103145,0xac0bbf786c2df2499198069be724ee0b1af85214c7c6aa14a612631281eabdbe,CancelledListing
0x4fE1621dfF94DA8b6924Cfc8E42C42ff671F4daF,79082,59406296,49956,4984224,1743103199,0x973b0f52ac84237617161e779bc3976b5a93355a8b98addc023f0965d345b2fc,CancelledListing
0x959d64fCb52632478c3C07dC277d2BF5B8B42205,79074,33610000,49956,4984243,1743103237,0x00a9548ec00bedf98ac2c0e550a43abcc76edc909604339fe643ff7aaa214c46,CancelledListing
0x33F9e6FfEf1400065e5469b4bd528AD7B79CB2de,79078,30630000,49956,4984251,1743103253,0x394c0904ca29757fd6d79e5e3b968c56b0624e44060fddc7e0f5a891c09cae37,CancelledListing
0x4fE1621dfF94DA8b6924Cfc8E42C42ff671F4daF,79088,59359508,49956,4984265,1743103281,0x69d569747356b9814e982f5f5c5c545803392bc76da271cbde6382410b7313e2,CancelledListing
0x33F9e6FfEf1400065e5469b4bd528AD7B79CB2de,79080,30630000,49956,4984271,1743103293,0xed3c14b67a650247e8fd7a0caf5e3c49d0167c34931118387fcd080287d21f27,CancelledListing
0x4fE1621dfF94DA8b6924Cfc8E42C42ff671F4daF,79089,60116780,49956,4984281,1743103313,0xf1579958c03fe46bc875443e08a1bdda5dc5d9298a4b1fb31bd923c7915387e7,CancelledListing
0x959d64fCb52632478c3C07dC277d2BF5B8B42205,79086,33750000,49956,4984298,1743103347,0x0ade78fb9ef26b9408ab11f9828a4f38cb1e79d9bc77344817dbf6922e690438,CancelledListing
0x33F9e6FfEf1400065e5469b4bd528AD7B79CB2de,79103,30320000,49956,4984385,1743103521,0x6dfce22226742210c5844b61df67773eba59988331c502f389eb0f65912577ed,CancelledListing
0x33F9e6FfEf1400065e5469b4bd528AD7B79CB2de,79106,30550000,49956,4984399,1743103549,0x7029fe217812dbada1dd5f99c7d24e817641b7a95b5924ce64ec1086bde83419,CancelledListing
0x4fE1621dfF94DA8b6924Cfc8E42C42ff671F4daF,79099,59868889,49956,4984402,1743103555,0x5b0a0532960b73aab006443a8c45f3340dfe7559a10e19f762f55a3fdf5e3d9e,CancelledListing
0x4fE1621dfF94DA8b6924Cfc8E42C42ff671F4daF,79104,59949640,49944,4984413,1743103577,0x29a641d93b8d312f1a58e992d66b010a6526b5d29bb48b1c915fe2654e18f62c,CancelledListing
0x4fE1621dfF94DA8b6924Cfc8E42C42ff671F4daF,79119,61599221,49956,4984483,1743103717,0xf666013a007127c10204ee6cf3c45c3c76fa3f1b08c9c8a523d5179f26d0d3fe,CancelledListing
0x4fE1621dfF94DA8b6924Cfc8E42C42ff671F4daF,79123,61864583,49956,4984497,1743103745,0x0b4a772603fa5f64e663cc7563912e5d9b8abde24c1bcbc71f316f8bc9710108,CancelledListing
0x959d64fCb52632478c3C07dC277d2BF5B8B42205,79096,32230000,49956,4984550,1743103851,0x0211b8dc23c4d4c1d1c2517f399893ba5032daec4a3a1777a72d18d2e8db939e,CancelledListing
0x959d64fCb52632478c3C07dC277d2BF5B8B42205,79137,37780000,49956,4984621,1743103993,0x7780cbc643f7a206e27f71a9741daa4345bec4a5ec7d99328143c2851d2efab1,CancelledListing
0x959d64fCb52632478c3C07dC277d2BF5B8B42205,79146,34060000,49956,4984683,1743104117,0x404285d75b8750766ea667503bf1c7bf89a2a49a0c0ee5d3aab18a4f0cfacb17,CancelledListing
0x959d64fCb52632478c3C07dC277d2BF5B8B42205,79147,29930000,49956,4984770,1743104291,0xfc12c34de5238567e11f421f4e34872ea0a0bd0af3afe1407f09991279176254,CancelledListing
0xd69bd007D646C83bc40fD98E4D3B5380EA0Ce095,77716,29500000,49956,4984860,1743104471,0x1c26b3a82d1ce8e7d0b986e1084b1c3eb7cc5d8e25aeab4fc182743815ad1b9b,CancelledListing
0xC5155b308d74897D42DAAc2a4810b2B65f2c065E,79164,29120000,49956,4984877,1743104505,0x89dbee95e17cfdd678f52406c8f2427158df1e7f3c218044c0656693e8b87807,CancelledListing
0x57d1B3eF44E2A3533865a7042448f2d897181C98,76327,29506051,181299,4985162,1743105075,0x970c927590a79229e70349ed0925b979fb749b0ef01b99b95b5b3816cb969d56,CancelledListing
0x4F81E0B77E14DAA9f86627a47988b7ee2c4D8D59,76298,29285274,90335,4985255,1743105261,0x9583d1636e8983a12dd0a33defb171ab32c14c7730294c3096aaedf125568a67,CancelledListing
0xeF0Ef28b882d166B732d00A01Ea762B9CCd3FE44,79193,28450000,72146,4985527,1743105805,0xf8f3b103615b017878e0fe34109ab6c7981c6c1bdba63078986161b3da738cdd,CancelledListing
0x39afE2176De832BE2A5164e5fC91E27D1355c88d,79258,29020000,49956,4985637,1743106025,0x0d3dd5c28f00a86d5cf2177a1fec25d4232284a943f2639171242525fe56e2ea,CancelledListing
0x6ddD1CAebbf83aCf28ddd10EBdf4caC460D9F1f9,79272,29357641,49956,4985678,1743106107,0xfec40c008789e6184f7b984d4c8bdc689bc59fdc776053bddee072f03019a694,CancelledListing
0xeF0Ef28b882d166B732d00A01Ea762B9CCd3FE44,79270,28880000,72146,4985806,1743106363,0x6a53a1e5ab7624d5d7984b95084ea6268225dc9022cc15062c075ce6b04257f6,CancelledListing
0x0DAf0fBBefEe39C33ea8d0953F17162769CF7feD,79299,40000000,49956,4985873,1743106497,0x8f16f0374e2276adfeaa60856c5a01b3e8cbc618f61086fe278331df3a3b67da,CancelledListing
0x0DAf0fBBefEe39C33ea8d0953F17162769CF7feD,79301,40000000,49956,4985904,1743106559,0x9148bc34e46ba344d040ce639152f2e54b2d0108e0d676b89c02617608bcb27c,CancelledListing
0x0DAf0fBBefEe39C33ea8d0953F17162769CF7feD,79303,40000000,49956,4985915,1743106581,0x503184f2bb6e9ede7450d8da2b844317e88f14655505d32218d3f7626fc4c716,CancelledListing
0x0DAf0fBBefEe39C33ea8d0953F17162769CF7feD,79306,40000000,49956,4985950,1743106651,0x6100ecb78204f830b57b6d56309179c6628da3a91294b8818855d3ec2e196715,CancelledListing
0x0DAf0fBBefEe39C33ea8d0953F17162769CF7feD,79307,40000000,49956,4985960,1743106671,0x1a6132f82e13885f63ca37ad3454123c70dd43036bdddf7e53a6bad8ac9caea0,CancelledListing
0x9BC51282abC5e2a40C51598995ABa76b5f0202aC,79277,27780000,49956,4985979,1743106709,0xebe97e092a210bc3daf04aab22d7789691b5348d2afc6c42d0b8b9b1e7d421fb,CancelledListing
0x0DAf0fBBefEe39C33ea8d0953F17162769CF7feD,79309,40000000,49956,4985991,1743106733,0xfc0144bb6a1518776f9009dbc88814dd30d03ff5d835b81354887a92111c0786,CancelledListing
0x0DAf0fBBefEe39C33ea8d0953F17162769CF7feD,79311,40000000,49956,4985997,1743106745,0x14253c5f3f96f4afe97bf8358e7410dde1272659c6033db3efb99c62a795ddbe,CancelledListing
0x9BC51282abC5e2a40C51598995ABa76b5f0202aC,79251,27750000,49956,4986101,1743106953,0xa87926f1f773b4811072c051384415c1dc25f6dd7db7a47b284e11c4f3298117,CancelledListing
0x9BC51282abC5e2a40C51598995ABa76b5f0202aC,79327,25930000,49956,4986228,1743107207,0xe2c2f940385fee0bde2a35f5216a34fecccb70a468f5f6f95b400415d7fb31df,CancelledListing
0x289b21792CF8B78089a3e32Ff38154c9Dc8f197e,79340,30000000,49956,4986231,1743107213,0xda9320c94be35cfdfbd3f23cbfa191c155554abea430f1e9366e093d22d02a33,CancelledListing
0x289b21792CF8B78089a3e32Ff38154c9Dc8f197e,79347,30000000,49956,4986255,1743107261,0x62ee8da6ab36e6898121cee12edaeea4e21896e317f096b7e66af7b498db517f,CancelledListing
0x289b21792CF8B78089a3e32Ff38154c9Dc8f197e,79353,30000000,49956,4986281,1743107313,0xf3e0d63ed312c3592827614607abf5252a1d8ebd12cda40d0a3aac60efcee180,CancelledListing
0x289b21792CF8B78089a3e32Ff38154c9Dc8f197e,79356,30000000,49956,4986306,1743107363,0xfb8c7740ad5e6b49477bdbbcac6863576a386aaf1294f48fbb2514f3470a502c,CancelledListing
0x289b21792CF8B78089a3e32Ff38154c9Dc8f197e,79361,30000000,49956,4986327,1743107405,0x57486b6e55fd8eaab678771981daa8082d2ce4abd7dd9e009d672ee0363f6c4b,CancelledListing
0x289b21792CF8B78089a3e32Ff38154c9Dc8f197e,79367,30000000,49956,4986348,1743107447,0xd92d93d2980a46cf03a3104effd5c53677baf26c0198811f28e228dcafcc3277,CancelledListing
0x289b21792CF8B78089a3e32Ff38154c9Dc8f197e,79370,30000000,49956,4986372,1743107495,0x5b954a279d85e63338574996e0477da731dd9881c5a1e9788fd5df1736a2d1c4,CancelledListing
0x289b21792CF8B78089a3e32Ff38154c9Dc8f197e,79372,30000000,49956,4986393,1743107537,0x8a0d41d84cbe6c517b1b94c167eb426859b2e16dab621f784ad8b757885147d1,CancelledListing
0x289b21792CF8B78089a3e32Ff38154c9Dc8f197e,79376,30000000,49956,4986415,1743107581,0x2160601d7d557cd77d63e4c82c46e5404f5cb01b79b87785d719222a022dc41e,CancelledListing
0x289b21792CF8B78089a3e32Ff38154c9Dc8f197e,79378,30000000,49956,4986446,1743107643,0x32d93b4421e45734bbdc6e6ce04d6f5bc7c1ecb10df517df1bd63dfa8d4f1096,CancelledListing
0x97AE2687b3783d36C06Eac98B3169b355fA9Eb40,72120,41735435,49956,4986624,1743107999,0x28c4fb9e818b53a32af67d7ab3d8e8415ca72de4d640f2735e4157a060e475f9,CancelledListing
0xcD68B0F07Ef1d0ef370c42889abc87C3C62A2C84,72195,22993613,49956,4986636,1743108023,0x60f438a5b48220c17e10c022eb46ea96b8695068bf782f099f3530c2447f55ea,CancelledListing
0xF0bb2A704A0DaDF59226e9baE89555841b16e7D5,72137,22502654,49956,4986671,1743108093,0x426add7475f74d552ae6a8be2094117743468f34d070afb01f55f149ea254ef7,CancelledListing
0x9f570EFc260Ce1463DD4C1A60ebc64612eFbD539,72174,36569746,49956,4986794,1743108339,0xb0e5828af9d60be1b61acfc867fbf5e13bbe3ef07f888a5c53b430ac2fe934f0,CancelledListing
0x97AE2687b3783d36C06Eac98B3169b355fA9Eb40,72122,34539141,49956,4986859,1743108469,0xaef3f194bb49b53824de10753c8df067ee07495c5d89f28b500482c35527d8c6,CancelledListing
0x35692DFA7420B6fa102945813c949C2857a17Df7,79427,33297254,49956,4986906,1743108563,0x857b8330d0b5fa25af3c732a71a0c970eed2913be40edf77698f66acb1f84e19,CancelledListing
0x9f570EFc260Ce1463DD4C1A60ebc64612eFbD539,72176,32705776,49956,4986926,1743108603,0xfc699d483afb6765bdf70f6abdd26dfcfa5df9cf803e4c1e643ad36023413ade,CancelledListing
0x35692DFA7420B6fa102945813c949C2857a17Df7,79434,32290193,49956,4986945,1743108641,0x7d901935da6d5fffb71fffb090ef2c0b14b5af0186537cbeef7141a2cfe0293e,CancelledListing
0x35692DFA7420B6fa102945813c949C2857a17Df7,79438,31401619,49956,4986978,1743108707,0x7e046b5b6ece5c2c5cb1dda1bc82d65b2be17cb6828a17ef62f5948d2ea4a95a,CancelledListing
0x6Ef57cDbA13CF4a482CA09a04791A0a06318e189,79453,15990000,49956,4987055,1743108861,0xeba0f3930e55f93ccb5ac7454d6768b74c3ec45a7518a0251809bd85456bde2b,CancelledListing
0x6Ef57cDbA13CF4a482CA09a04791A0a06318e189,79458,15830000,49956,4987075,1743108901,0xe2f309469f84a1f3473226318e666803f13ba384bdfffa182d2151e24201762c,CancelledListing
0x6Ef57cDbA13CF4a482CA09a04791A0a06318e189,79463,15190000,49956,4987131,1743109013,0x789fcd97a59d5319294dd76e65830bf543ca4f55bbd56705538644d8f7b64fae,CancelledListing
0x6Ef57cDbA13CF4a482CA09a04791A0a06318e189,79464,15190000,49956,4987154,1743109059,0x82e12c5a375df18ec2280cd624f2124bcc241d6edb049337047e1ecb6288dacf,CancelledListing
0x6Ef57cDbA13CF4a482CA09a04791A0a06318e189,79470,15190000,49956,4987175,1743109101,0x54265ec7cf684bb2731e18deb8811c285fcac2960574a266fb32dee91da4e496,CancelledListing
0xA3Aa684b021f1AfB3C12E12fA04C1422EEC849fe,72125,27688454,49956,4987181,1743109113,0x27e0d1b8b74e83a03e0338f41ed8b13a70d86cb67f03142236c5e13e560ac5f5,CancelledListing
0xa054C787f18470EC855e740cfFA5a760dF7aa748,72267,27656909,49956,4987202,1743109155,0x657218dc6e5d38b53fa39b4553a70bc0c0e19f4833057890b83214288bcaaac4,CancelledListing
0xA3Aa684b021f1AfB3C12E12fA04C1422EEC849fe,72135,14861378,49956,4987239,1743109229,0x28ffb0334d29c946c501117dd5917356271d8df223eb4963b33cfc2e1a74ff08,CancelledListing
0x2fFF49a95237D0dA72d9F0620B2c44EfdcB15E5B,72197,27613105,49956,4987256,1743109263,0xece7781ef19fdea96975f3ef3663213ec49ca4fc424f5ddd0d8cde6a04ca08cf,CancelledListing
0x2fFF49a95237D0dA72d9F0620B2c44EfdcB15E5B,72199,27548707,49956,4987294,1743109339,0xc7614410e7b4f1a31e22b84483d5527bf219a4ef29d4a31bf9b75633aebc02fa,CancelledListing
0x4797B4e6472B6Eea030B0661A495DE6Fc042089E,78874,12149025,49956,4987607,1743109965,0x9fb7437fbbd34963f8dc73b5da38bb7bbe5a26736c8a21ed27c637b88562c2ea,CancelledListing
0x4797B4e6472B6Eea030B0661A495DE6Fc042089E,78882,12156892,49956,4987627,1743110005,0x23a5a134726b3f32d5d730ffac0e5a053dfc442d814b90664b2e57c3286c00e9,CancelledListing
