listing_creator,listing_id,asset_contract,token_id,quantity,price_per_token,start_timestamp,end_timestamp,currency,token_type,status,reserved,gas_price,gas_used,block_number,timestamp,transaction_hash,event_type
0xbAa9672503be4067CCc6eBB08BEe52af3e0b3b4C,76975,0x2Bf46D4497e98FbA2304B0d2453922FFf559Ea02,84,1,750000000000000,1743046131,1743132531,0xEeeeeEeeeEeEeeEeEeEeeEEEeeeeEeeeeeeeEEeE,ERC721,ACTIVE,False,50086758,259574,4955690,1743046131,0x214224b52269559b8c3ff3a6845040b2d7f0108e938f86377834a16ccd58f723,NewListing
0x967f7437469BC95cc42615F25Bf282f43C8ce1fc,76976,0x0Dd03Cb9ff610d61B0B39F0f1C93c5c6F93cA888,0,1,69000000000000000000,1743046159,1743132559,0x2CAE934a1e84F693fbb78CA5ED3B0A6893259441,ERC721,ACTIVE,False,49800420,239674,4955704,1743046159,0x061f3b915f60f4b1897d8d550991a55f6ca739fdc63452c2b7c7ae90b182340d,NewListing
0x61f520F503E9E485724cC0038F175418F632541C,76977,0xbc2d6E7c81E7f35473b3594031FCC4c519fD24Ad,0,7,1330000000000000,1743046167,1743305367,0xEeeeeEeeeEeEeeEeEeEeeEEEeeeeEeeeeeeeEEeE,ERC721,ACTIVE,False,49940000,239711,4955708,1743046167,0x787e5f69381499d5bc300009ba8988277e276998d4ed9fb2c77e44229f3b6aec,NewListing
0x967f7437469BC95cc42615F25Bf282f43C8ce1fc,76978,0x0Dd03Cb9ff610d61B0B39F0f1C93c5c6F93cA888,0,1,69000000000000000000,1743046187,1743132587,0x2CAE934a1e84F693fbb78CA5ED3B0A6893259441,ERC721,ACTIVE,False,49577366,239674,4955718,1743046187,0xcf837c66c9101e09da03e2b3a7ad7907debbfb96bd5ec8c16eda055e2a959ef3,NewListing
0xbAa9672503be4067CCc6eBB08BEe52af3e0b3b4C,76979,0x2Bf46D4497e98FbA2304B0d2453922FFf559Ea02,83,1,750000000000000,1743046199,1743132599,0xEeeeeEeeeEeEeeEeEeEeeEEEeeeeEeeeeeeeEEeE,ERC721,ACTIVE,False,49428811,259574,4955724,1743046199,0xd6feb9a065d648d66d7bed1fc672c98b87cb92eb6d90b8e3260084588f79ee84,NewListing
0x967f7437469BC95cc42615F25Bf282f43C8ce1fc,76980,0x0Dd03Cb9ff610d61B0B39F0f1C93c5c6F93cA888,0,1,69000000000000000000,1743046213,1743132613,0x2CAE934a1e84F693fbb78CA5ED3B0A6893259441,ERC721,ACTIVE,False,49187626,239674,4955731,1743046213,0xe5f20910d261c29c20021b34e30ed60c25fd5921fd20dced19250a0283a02aa4,NewListing
0x967f7437469BC95cc42615F25Bf282f43C8ce1fc,76981,0x0Dd03Cb9ff610d61B0B39F0f1C93c5c6F93cA888,0,1,69000000000000000000,1743046233,1743132633,0x2CAE934a1e84F693fbb78CA5ED3B0A6893259441,ERC721,ACTIVE,False,49134090,239674,4955741,1743046233,0x0ec39f88bd1c90779430ea917683c16a47889849e8f0824605f92e248c46de63,NewListing
0x5aFB1cCB5F2308b8D6e3ADd591bFF4E75974A41F,76982,0xbc2d6E7c81E7f35473b3594031FCC4c519fD24Ad,0,1,200000000000000,1743046253,1745724653,0xEeeeeEeeeEeEeeEeEeEeeEEEeeeeEeeeeeeeEEeE,ERC721,ACTIVE,False,48693060,239662,4955751,1743046253,0xc7ad318876e2486aba9654b1508d0b1aaccf9423f87e4557a12ec497220c5fbd,NewListing
0x967f7437469BC95cc42615F25Bf282f43C8ce1fc,76983,0x0Dd03Cb9ff610d61B0B39F0f1C93c5c6F93cA888,0,1,69000000000000000000,1743046267,1743132667,0xEeeeeEeeeEeEeeEeEeEeeEEEeeeeEeeeeeeeEEeE,ERC721,ACTIVE,False,48202000,239674,4955758,1743046267,0x84ad76863c1263502022602d7bf30ab60a934229d1ec29dd5458066ea522d5c4,NewListing
0x5aFB1cCB5F2308b8D6e3ADd591bFF4E75974A41F,76984,0xbc2d6E7c81E7f35473b3594031FCC4c519fD24Ad,0,1,200000000000000,1743046329,1743132729,0xEeeeeEeeeEeEeeEeEeEeeEEEeeeeEeeeeeeeEEeE,ERC721,ACTIVE,False,49302227,239662,4955789,1743046329,0x2967c723aa98fa7031142fa2fb53d3d69efc96dae52dc7e30f0639f86ed0f32d,NewListing
0x80fe121B69163E17bd4e9CC573652e29E48fa4ae,76985,0xbc2d6E7c81E7f35473b3594031FCC4c519fD24Ad,0,22,19800000000000000000,1743046337,1743132737,0x2CAE934a1e84F693fbb78CA5ED3B0A6893259441,ERC721,ACTIVE,False,49516890,239723,4955793,1743046337,0xb44651be254cb307461c1c9bd7945c9d13ae4660f7b3ced55ebd045ac367b6b3,NewListing
0x967f7437469BC95cc42615F25Bf282f43C8ce1fc,76986,0x0Dd03Cb9ff610d61B0B39F0f1C93c5c6F93cA888,0,1,69000000,1743046341,1743132741,0xbA9986D2381edf1DA03B0B9c1f8b00dc4AacC369,ERC721,ACTIVE,False,49540828,239626,4955795,1743046341,0x04c4d3e2168bd1c0300dd4d7930f08d570ea2010de31d18f33333e48305fa655,NewListing
0x5aFB1cCB5F2308b8D6e3ADd591bFF4E75974A41F,76987,0xbc2d6E7c81E7f35473b3594031FCC4c519fD24Ad,0,1,200000000000000,1743046365,1743132765,0xEeeeeEeeeEeEeeEeEeEeeEEEeeeeEeeeeeeeEEeE,ERC721,ACTIVE,False,50560735,239662,4955807,1743046365,0x544c85f2edd1e1180f26200b2b9652eceba1f2338796eb2b5ca00036e35e72ae,NewListing
0x5aFB1cCB5F2308b8D6e3ADd591bFF4E75974A41F,76988,0xbc2d6E7c81E7f35473b3594031FCC4c519fD24Ad,0,1,200000000000000,1743046439,1743132839,0xEeeeeEeeeEeEeeEeEeEeeEEEeeeeEeeeeeeeEEeE,ERC721,ACTIVE,False,52084920,239662,4955844,1743046439,0x5f7fe933b7cbdbe4cef69630e7353445cc85e06b0555c50b5452c43e62afad3b,NewListing
0x61f520F503E9E485724cC0038F175418F632541C,76989,0xbc2d6E7c81E7f35473b3594031FCC4c519fD24Ad,1,3,570000000000000,1743046475,1743305675,0xEeeeeEeeeEeEeeEeEeEeeEEEeeeeEeeeeeeeEEeE,ERC721,ACTIVE,False,52670000,259623,4955862,1743046475,0xc7a4b38ba07c9e28ec377c73b0e51de7817a49665b24a46f5aa74f9c77697a9a,NewListing
0x5aFB1cCB5F2308b8D6e3ADd591bFF4E75974A41F,76990,0xbc2d6E7c81E7f35473b3594031FCC4c519fD24Ad,0,1,200000000000000,1743046523,1743132923,0xEeeeeEeeeEeEeeEeEeEeeEEEeeeeEeeeeeeeEEeE,ERC721,ACTIVE,False,54306370,239662,4955886,1743046523,0xc1a21e3dcc0a241b8465251befef37c8afe3251b8bc93873e783a4c53b195363,NewListing
0x5aFB1cCB5F2308b8D6e3ADd591bFF4E75974A41F,76991,0xdc0F91C5a4D200FfC21658901c77c0fE1A14d199,0,1,500000000000000,1743046843,1745725242,0xEeeeeEeeeEeEeeEeEeEeeEEEeeeeEeeeeeeeEEeE,ERC721,ACTIVE,False,62755059,239650,4956046,1743046843,0x6588f3a25d57f06efde5de7ae18dbdabcd9b064e1ce2cc66d1caa2537de116ca,NewListing
0xbAa9672503be4067CCc6eBB08BEe52af3e0b3b4C,76992,0x4489A334E66076933e76337E3eC7376BA84f0864,0,1,2000000000000000,1743046883,1743133283,0xEeeeeEeeeEeEeeEeEeEeeEEEeeeeEeeeeeeeEEeE,ERC721,ACTIVE,False,63706777,239650,4956066,1743046883,0x244279e957afcf19c65361607b1c9856ef3220476550e5992447a197a16db5e0,NewListing
0x161324631C0Fa0Af5de534E43BEB1DE3Ba90128a,76993,0xbc2d6E7c81E7f35473b3594031FCC4c519fD24Ad,0,1,1000000000000000000,1743046951,1743133351,0x2CAE934a1e84F693fbb78CA5ED3B0A6893259441,ERC721,ACTIVE,False,64380000,239674,4956100,1743046951,0xc2cd43acf1a0d6cb6e35c9b0c92001f3b32c9ddc97ec64c0e423a21b0843f89a,NewListing
0x12A24E93f92fbeACEF5A681C72CBb5e38936047C,76994,0xbc2d6E7c81E7f35473b3594031FCC4c519fD24Ad,1,1,239000000000000,1743046979,1743133379,0xEeeeeEeeeEeEeeEeEeEeeEEEeeeeEeeeeeeeEEeE,ERC721,ACTIVE,False,65714226,259574,4956114,1743046979,0x60007a7c46c1d421611c759d964923a93f5298564f822df30e08aa4e479ed93d,NewListing
0xB68B3e0BfA96fd90c1D889e6F8F519FE14666814,76995,0x897d1cBBeDC44c8371672e8cA72555b5194D6D86,0,1,5000000000000000,1743047023,1745725423,0xEeeeeEeeeEeEeeEeEeEeeEEEeeeeEeeeeeeeEEeE,ERC721,ACTIVE,False,66190000,239674,4956136,1743047023,0x6c08fe35af2e63727452a1ea89db2a594a267b572465b484a36a5bc6f8f0d72d,NewListing
0x1bbB6F7669F8e35a4FBb71999550f06bA67020bD,76996,0xdc0F91C5a4D200FfC21658901c77c0fE1A14d199,0,1,1000000000000000000,1743047045,1743133445,0xEeeeeEeeeEeEeeEeEeEeeEEEeeeeEeeeeeeeEEeE,ERC721,ACTIVE,False,66392354,239650,4956147,1743047045,0x3c1375c99c53c96b125a767685ada0cbd4cb43cad96ff19136e3a19ed17ed1b2,NewListing
0x64f7C019021aC74A68D90D08491Ca43b2a632E71,76997,0xbc2d6E7c81E7f35473b3594031FCC4c519fD24Ad,1,17,15300000000000000000,1743047105,1743133505,0x2CAE934a1e84F693fbb78CA5ED3B0A6893259441,ERC721,ACTIVE,False,64934727,259623,4956177,1743047105,0x94ac195e89d9c8cae4407c54d6872dbe39a2ce5df62ada939ea7b17ba7c840a4,NewListing
0xB68B3e0BfA96fd90c1D889e6F8F519FE14666814,76998,0x897d1cBBeDC44c8371672e8cA72555b5194D6D86,0,1,5000000000000000,1743047117,1745725517,0xEeeeeEeeeEeEeeEeEeEeeEEEeeeeEeeeeeeeEEeE,ERC721,ACTIVE,False,65430000,239674,4956183,1743047117,0xb50c619c3416a55a895da616b2e19b1dbb51498817155bb08fc89ab4111fbdff,NewListing
0x1bbB6F7669F8e35a4FBb71999550f06bA67020bD,76999,0xdc0F91C5a4D200FfC21658901c77c0fE1A14d199,0,1,1000000000000000000,1743047127,1743133527,0xEeeeeEeeeEeEeeEeEeEeeEEEeeeeEeeeeeeeEEeE,ERC721,ACTIVE,False,64690249,239650,4956188,1743047127,0x7e1f6680ae3ad2981900c5624cd4dde35a5600b46baad3e1e817ab85766a0a97,NewListing
0x4324d85d7B5436c95E5F4CbdCc90B8c1ae6CAffa,77002,0x02e21A25F0038fa5BDEe9c0b77aC0c1E84d3d6f0,2019,1,375000000000000,1743047191,1750992391,0xEeeeeEeeeEeEeeEeEeEeeEEEeeeeEeeeeeeeEEeE,ERC1155,ACTIVE,False,63770252,699446,4956220,1743047191,0xfa896c5278e48aeb06826020d6a1ec04095e008b2f4db8667b3aec88ddd3831f,NewListing
0x5C5aa6B8Db076757baD008C7AeCCF87e5C66A7A3,77003,0xbc2d6E7c81E7f35473b3594031FCC4c519fD24Ad,0,1,170000000000000,1743047207,1745725607,0xEeeeeEeeeEeEeeEeEeEeeEEEeeeeEeeeeeeeEEeE,ERC721,ACTIVE,False,63547873,239662,4956228,1743047207,0x570c82added8aafca3edbe90fdf8f5dec3b9902d5ec6d009499302805462b0dd,NewListing
0x1bbB6F7669F8e35a4FBb71999550f06bA67020bD,77004,0xdc0F91C5a4D200FfC21658901c77c0fE1A14d199,0,1,1000000000000000000,1743047217,1743133617,0xEeeeeEeeeEeEeeEeEeEeeEEEeeeeEeeeeeeeEEeE,ERC721,ACTIVE,False,63436954,239650,4956233,1743047217,0x3204534313a85c17f9cd90f813d6534f688cbb58d3d0f3ed2f5ad296bf7ab24b,NewListing
0x76BE9A174827fB91E6f1E19011d38e08227A6da2,77010,0x02e21A25F0038fa5BDEe9c0b77aC0c1E84d3d6f0,2018,1,375000000000000,1743047245,1745722045,0xEeeeeEeeeEeEeeEeEeEeeEEEeeeeEeeeeeeeEEeE,ERC1155,ACTIVE,False,62644784,1343805,4956247,1743047245,0x0d87f2d26d487ee564504d0d191a31319aa57af0dd6290ac9c944a7d917ede87,NewListing
0x5C5aa6B8Db076757baD008C7AeCCF87e5C66A7A3,77011,0xbc2d6E7c81E7f35473b3594031FCC4c519fD24Ad,0,1,170000000000000,1743047275,1745725675,0xEeeeeEeeeEeEeeEeEeEeeEEEeeeeEeeeeeeeEEeE,ERC721,ACTIVE,False,62670792,239662,4956262,1743047275,0xffaca6ebc1358cb150e195437e6018d23efdd278b430cdc2a20c22afb9fc8003,NewListing
0xB68B3e0BfA96fd90c1D889e6F8F519FE14666814,77012,0xbc2d6E7c81E7f35473b3594031FCC4c519fD24Ad,0,1,20000000000000000,1743047529,1743133929,0xEeeeeEeeeEeEeeEeEeEeeEEEeeeeEeeeeeeeEEeE,ERC721,ACTIVE,False,62520000,238895,4956286,1743047323,0x727a6911a4a3eebc4fe42625ea3581f5418c232e335f12a49849397a70a29dda,NewListing
0x5C5aa6B8Db076757baD008C7AeCCF87e5C66A7A3,77013,0xbc2d6E7c81E7f35473b3594031FCC4c519fD24Ad,0,1,200000000000000,1743047367,1745725767,0xEeeeeEeeeEeEeeEeEeEeeEEEeeeeEeeeeeeeEEeE,ERC721,ACTIVE,False,61730659,239662,4956308,1743047367,0x9d48302e924ee3606be1799c97edae6e3d9732d853e545c063ed3e63133b1820,NewListing
0x5C5aa6B8Db076757baD008C7AeCCF87e5C66A7A3,77014,0xbc2d6E7c81E7f35473b3594031FCC4c519fD24Ad,0,1,170000000000000,1743047445,1745725845,0xEeeeeEeeeEeEeeEeEeEeeEEEeeeeEeeeeeeeEEeE,ERC721,ACTIVE,False,60649214,239662,4956347,1743047445,0x4fc29ab4cf199c2e02a8c479d71880bc63058dbfadc039bab73f61aa511a36a6,NewListing
0x1bbB6F7669F8e35a4FBb71999550f06bA67020bD,77015,0xdc0F91C5a4D200FfC21658901c77c0fE1A14d199,0,1,400000000000000,1743047457,1743133857,0xEeeeeEeeeEeEeeEeEeEeeEEEeeeeEeeeeeeeEEeE,ERC721,ACTIVE,False,60709697,239638,4956353,1743047457,0x3c93cf8bc8083d8384d8740b80681ea771562b3337534fa835fee994bf330b52,NewListing
0x5C5aa6B8Db076757baD008C7AeCCF87e5C66A7A3,77016,0xbc2d6E7c81E7f35473b3594031FCC4c519fD24Ad,0,1,170000000000000,1743047525,1745725925,0xEeeeeEeeeEeEeeEeEeEeeEEEeeeeEeeeeeeeEEeE,ERC721,ACTIVE,False,62189561,239662,4956387,1743047525,0x8a30c5dc5d29704025a3c317ffff943d463ec44026d04b65203b2bf3e2b4d37c,NewListing
0xB68B3e0BfA96fd90c1D889e6F8F519FE14666814,77017,0xbc2d6E7c81E7f35473b3594031FCC4c519fD24Ad,0,1,222000000000000000000,1743047669,1743134069,0xEeeeeEeeeEeEeeEeEeEeeEEEeeeeEeeeeeeeEEeE,ERC721,ACTIVE,False,61620000,238919,4956391,1743047533,0xfa81cb6b92866945969985935626a7ea942605d15234da5cd64284d0d4ad40a5,NewListing
0x3bbF020BF3b4dcf5BcF4704C71A1D9D3017142Ac,77018,0xbc2d6E7c81E7f35473b3594031FCC4c519fD24Ad,0,1,200000000000000,1743047563,1743133963,0xEeeeeEeeeEeEeeEeEeEeeEEEeeeeEeeeeeeeEEeE,ERC721,ACTIVE,False,62891103,239662,4956406,1743047563,0xd26cac72d22228bec56e99bc28ecf32ce673d5c5df256ce1681f7315e611ae8c,NewListing
0x9A8a11025df3F8424DbDa33cd1E046aBE9ABB809,77019,0x7e5F161dd824d98AC3474eBf550716d0cb83E8C6,0,1,490000000000000,1743047587,1743303187,0xEeeeeEeeeEeEeeEeEeEeeEEEeeeeEeeeeeeeEEeE,ERC721,ACTIVE,False,62880000,239662,4956418,1743047587,0xb8f0413d475e786c58cde4804b12b47d2b1036d1569e968d4f3e79c7a6d7bb60,NewListing
0xbAa9672503be4067CCc6eBB08BEe52af3e0b3b4C,77020,0x2Bf46D4497e98FbA2304B0d2453922FFf559Ea02,82,1,750000000000000,1743047607,1743134007,0xEeeeeEeeeEeEeeEeEeEeeEEEeeeeEeeeeeeeEEeE,ERC721,ACTIVE,False,63913126,259574,4956428,1743047607,0x2bc7871eb90d83b2debb030f0edc509f510cfebee227dbcebae6265ab332dd82,NewListing
0x5C5aa6B8Db076757baD008C7AeCCF87e5C66A7A3,77021,0xbc2d6E7c81E7f35473b3594031FCC4c519fD24Ad,0,1,200000000000000,1743047761,1745726161,0xEeeeeEeeeEeEeeEeEeEeeEEEeeeeEeeeeeeeEEeE,ERC721,ACTIVE,False,66931498,239662,4956505,1743047761,0xaad6c7d6f11e987d3b47aeb7729ee5c5a9f1a7405188c62aca2f10de96fc9bf5,NewListing
0x5C5aa6B8Db076757baD008C7AeCCF87e5C66A7A3,77022,0xbc2d6E7c81E7f35473b3594031FCC4c519fD24Ad,0,1,170000000000000,1743047901,1745726301,0xEeeeeEeeeEeEeeEeEeEeeEEEeeeeEeeeeeeeEEeE,ERC721,ACTIVE,False,64998451,239662,4956575,1743047901,0x2290197e1febda678b11700a410b9e527cf3074ebc0d09c9a4823381ed26d587,NewListing
0xeb418E53EFcDc351137C9A81c70967b8D7063f4C,77023,0x7e5F161dd824d98AC3474eBf550716d0cb83E8C6,2,1,410000000000000,1743047953,1750996753,0xEeeeeEeeeEeEeeEeEeEeeEEEeeeeEeeeeeeeEEeE,ERC721,ACTIVE,False,64280000,259574,4956601,1743047953,0x6b5c571730e24868305ed7a300dc8e0d95534e7a28e800076404342ae0e53092,NewListing
0x5C5aa6B8Db076757baD008C7AeCCF87e5C66A7A3,77024,0xbc2d6E7c81E7f35473b3594031FCC4c519fD24Ad,0,1,170000000000000,1743047971,1745726371,0xEeeeeEeeeEeEeeEeEeEeeEEEeeeeEeeeeeeeEEeE,ERC721,ACTIVE,False,63337733,239662,4956610,1743047971,0x46778d59d6bd617ece6c7f96b0c78cbb9625832d254671c55ac22ece742eca37,NewListing
0xeb418E53EFcDc351137C9A81c70967b8D7063f4C,77025,0x7e5F161dd824d98AC3474eBf550716d0cb83E8C6,0,1,500000000000000,1743048013,1750824013,0xEeeeeEeeeEeEeeEeEeEeeEEEeeeeEeeeeeeeEEeE,ERC721,ACTIVE,False,62429136,239662,4956631,1743048013,0x56c5484c6844ccaed668a68e09b21bd61d15083035055eb1e413e5f65be69989,NewListing
0xeb418E53EFcDc351137C9A81c70967b8D7063f4C,77026,0x7e5F161dd824d98AC3474eBf550716d0cb83E8C6,0,1,30000000000000000000,1743048023,1750824023,0x2CAE934a1e84F693fbb78CA5ED3B0A6893259441,ERC721,ACTIVE,False,62091957,239674,4956636,1743048023,0x1126f025729fcdcb145e1ccf064a7b17a0fd1bea3ac84f04d48ad5867f6cc157,NewListing
0x9A8a11025df3F8424DbDa33cd1E046aBE9ABB809,77027,0xbc2d6E7c81E7f35473b3594031FCC4c519fD24Ad,0,1,170000000000000,1743048149,1743303749,0xEeeeeEeeeEeEeeEeEeEeeEEEeeeeEeeeeeeeEEeE,ERC721,ACTIVE,False,58920000,239662,4956699,1743048149,0x419f5dcba91f575cfd91e27219d7cd2780d036e98691d7b9dc712f342e9b061c,NewListing
0x9A8a11025df3F8424DbDa33cd1E046aBE9ABB809,77028,0xbc2d6E7c81E7f35473b3594031FCC4c519fD24Ad,0,1,170000000000000,1743048181,1743303781,0xEeeeeEeeeEeEeeEeEeEeeEEEeeeeEeeeeeeeEEeE,ERC721,ACTIVE,False,57980000,239662,4956715,1743048181,0x60d1032dde195abadb50480ee87171c44d246795a8e6080fa9a7eb9f2db743b7,NewListing
0x9A8a11025df3F8424DbDa33cd1E046aBE9ABB809,77029,0xbc2d6E7c81E7f35473b3594031FCC4c519fD24Ad,0,1,200000000000000,1743048203,1743303803,0xEeeeeEeeeEeEeeEeEeEeeEEEeeeeEeeeeeeeEEeE,ERC721,ACTIVE,False,57470000,239662,4956726,1743048203,0xf2667668295707470f016d9586fb10103306938e68c93cc174b1193ea7d744e2,NewListing
0x9A8a11025df3F8424DbDa33cd1E046aBE9ABB809,77030,0xbc2d6E7c81E7f35473b3594031FCC4c519fD24Ad,0,1,200000000000000,1743048221,1743303821,0xEeeeeEeeeEeEeeEeEeEeeEEEeeeeEeeeeeeeEEeE,ERC721,ACTIVE,False,56800000,239662,4956735,1743048221,0x385a321e5bf38755b49c2af36fb3f9304639285d514246771bab8b04c12ecf73,NewListing
0x287Bf6eF4CD02e1a086c59Cf52c0671507EE68cE,77031,0xbc2d6E7c81E7f35473b3594031FCC4c519fD24Ad,0,1,100000000000000,1743048223,1743134623,0xEeeeeEeeeEeEeeEeEeEeeEEEeeeeEeeeeeeeEEeE,ERC721,ACTIVE,False,57070000,239662,4956736,1743048223,0xbe6d011f4147dedb1911e46cf52fb10bbde23b2a2f66de4d2e42c50dab0c085f,NewListing
0x529F71B8285ECbabF59359e9284E98AD05e683E7,77032,0xbc2d6E7c81E7f35473b3594031FCC4c519fD24Ad,1,17,15470000000000000000,1743048225,1743134625,0x2CAE934a1e84F693fbb78CA5ED3B0A6893259441,ERC721,ACTIVE,False,56180389,259623,4956737,1743048225,0xa822c84c46c20b01566173d146016e9ffb12c6ecc96183a991e35b9b7b02e21b,NewListing
0x9A8a11025df3F8424DbDa33cd1E046aBE9ABB809,77033,0xbc2d6E7c81E7f35473b3594031FCC4c519fD24Ad,0,1,190000000000000,1743048243,1743134643,0xEeeeeEeeeEeEeeEeEeEeeEEEeeeeEeeeeeeeEEeE,ERC721,ACTIVE,False,56280000,239662,4956746,1743048243,0xcb92ad4d44f16a8d8eab2a3556acdd5e5eb1cf232a032c489d7fe15ec1138cc9,NewListing
0xbc9e5e5C5044aD52C5e8BCa1B810FC5570c55fD3,77034,0x3C64026f79C997E422d84ACf7c318C28c73DDAaA,22,1,42000000000000000000,1743048315,1750997115,0x2CAE934a1e84F693fbb78CA5ED3B0A6893259441,ERC721,ACTIVE,False,53886178,259586,4956782,1743048315,0x8ef7d7fab560de78a41b0590f45feaa756c2d4c56c2de18087ad4d6bffca4143,NewListing
0x9A8a11025df3F8424DbDa33cd1E046aBE9ABB809,77035,0x7e5F161dd824d98AC3474eBf550716d0cb83E8C6,0,1,500000000000000,1743048363,1743303963,0xEeeeeEeeeEeEeeEeEeEeeEEEeeeeEeeeeeeeEEeE,ERC721,ACTIVE,False,52790000,239662,4956806,1743048363,0x8fcecb494f852c61f74aed63097dc2e450fcc191c8c9e986d1648284fc910c44,NewListing
0xa5505b597185EB4db0280fDfec039cb8bEa4ad55,77036,0xbc2d6E7c81E7f35473b3594031FCC4c519fD24Ad,0,3,510000000000000,1743048457,1743134857,0xEeeeeEeeeEeEeeEeEeEeeEEEeeeeEeeeeeeeEEeE,ERC721,ACTIVE,False,50039584,239711,4956853,1743048457,0x8f6ef645c5e47cba557cd7569d9820579454c1b5f923e708f9ac54f2fc96e70a,NewListing
0xcE7cCdaC7113AA71DD5d236773759305164f3B00,77037,0xbc2d6E7c81E7f35473b3594031FCC4c519fD24Ad,0,1,111000000000000,1743048505,1743134905,0xEeeeeEeeeEeEeeEeEeEeeEEEeeeeEeeeeeeeEEeE,ERC721,ACTIVE,False,49047956,239662,4956877,1743048505,0x6cddafa727720421d9fa6f0a80be212baf9e07072a90d9188c2f20903f4e6b12,NewListing
0xcE7cCdaC7113AA71DD5d236773759305164f3B00,77038,0xbc2d6E7c81E7f35473b3594031FCC4c519fD24Ad,0,1,11100000000000,1743048541,1743134941,0xEeeeeEeeeEeEeeEeEeEeeEEEeeeeEeeeeeeeEEeE,ERC721,ACTIVE,False,48169385,239662,4956895,1743048541,0xab360c45c5920a916f5ed9cebf4106996daea5bf733032b628114af85f6e7ed8,NewListing
0xbAa9672503be4067CCc6eBB08BEe52af3e0b3b4C,77039,0x2Bf46D4497e98FbA2304B0d2453922FFf559Ea02,80,1,750000000000000,1743048707,1743135107,0xEeeeeEeeeEeEeeEeEeEeeEEEeeeeEeeeeeeeEEeE,ERC721,ACTIVE,False,45159091,259574,4956978,1743048707,0x87543213b785736fee5d7fee89bc1c9273f5aa2d132ba499cda03de39729273e,NewListing
0xbAa9672503be4067CCc6eBB08BEe52af3e0b3b4C,77040,0x2Bf46D4497e98FbA2304B0d2453922FFf559Ea02,79,1,750000000000000,1743048775,1743135175,0xEeeeeEeeeEeEeeEeEeEeeEEEeeeeEeeeeeeeEEeE,ERC721,ACTIVE,False,44021300,259574,4957012,1743048775,0xef62d8f9456debf3adbdd91127f74a931faedd2254d6c8c595cb557fc69c195f,NewListing
0x8F791c0592Db171D84167D10Baa70Fd6DD26705C,77041,0x897d1cBBeDC44c8371672e8cA72555b5194D6D86,0,1,90000000000000000,1743048861,1743135261,0xEeeeeEeeeEeEeeEeEeEeeEEEeeeeEeeeeeeeEEeE,ERC721,ACTIVE,False,43100000,239674,4957055,1743048861,0xa053d6013dab326071a4427be62f9dba6a4cd7493e46284c406682dec5e6afa4,NewListing
0xbAa9672503be4067CCc6eBB08BEe52af3e0b3b4C,77042,0x2Bf46D4497e98FbA2304B0d2453922FFf559Ea02,78,1,750000000000000,1743048875,1743135275,0xEeeeeEeeeEeEeeEeEeEeeEEEeeeeEeeeeeeeEEeE,ERC721,ACTIVE,False,42119005,259574,4957062,1743048875,0x867a4bbea2164d54804d01b72bfcf46300164ea087b843908d194a9ae892abad,NewListing
0x8F791c0592Db171D84167D10Baa70Fd6DD26705C,77043,0xEB255E4669Da7FeEf1F746a5a778b4e08b65a1A7,0,1,80000000000000000,1743048913,1743135313,0xEeeeeEeeeEeEeeEeEeEeeEEEeeeeEeeeeeeeEEeE,ERC721,ACTIVE,False,42110000,239662,4957081,1743048913,0xa9c36134fce3b10f568476e58cf6501b1680a7b20e9ed60f446ce59e89a25d17,NewListing
0xbAa9672503be4067CCc6eBB08BEe52af3e0b3b4C,77044,0x2Bf46D4497e98FbA2304B0d2453922FFf559Ea02,74,1,750000000000000,1743048913,1743135313,0xEeeeeEeeeEeEeeEeEeEeeEEEeeeeEeeeeeeeEEeE,ERC721,ACTIVE,False,41424116,259574,4957081,1743048913,0x62e5e6faa59ac79abe93b3dca296279af1660119d545c610c1e1ad483fadf8d5,NewListing
0x41f07238C5096Eb7eb68c50FE8AE5AdDECBBF5C2,77045,0xbFCACb23F0B41EeEDFf7d04f52CE8f5125150806,11,1,1000000000000000,1743048923,1758946523,0xEeeeeEeeeEeEeeEeEeEeeEEEeeeeEeeeeeeeEEeE,ERC721,ACTIVE,False,41244991,259574,4957086,1743048923,0xcde6370d82a85b4438b76c2edee96cf7af0198e8180b4888dce91ffa93abd766,NewListing
0x8F791c0592Db171D84167D10Baa70Fd6DD26705C,77046,0xEB255E4669Da7FeEf1F746a5a778b4e08b65a1A7,0,1,80000000000000000,1743048925,1743135325,0xEeeeeEeeeEeEeeEeEeEeeEEEeeeeEeeeeeeeEEeE,ERC721,ACTIVE,False,41760000,239662,4957087,1743048925,0x9db59ba6a582e9b5f8898f3ca0fdff12ff9aa54c701d21b3f80c2d95a7e3d3a9,NewListing
0x41f07238C5096Eb7eb68c50FE8AE5AdDECBBF5C2,77048,0xbFCACb23F0B41EeEDFf7d04f52CE8f5125150806,9,1,1000000000000000,1743049005,1758946605,0xEeeeeEeeeEeEeeEeEeEeeEEEeeeeEeeeeeeeEEeE,ERC721,ACTIVE,False,39852165,474692,4957127,1743049005,0xa54c56bf04ba82ef10991126f895a3511dc47da7397237afcffc64e6a56091ed,NewListing
0x41f07238C5096Eb7eb68c50FE8AE5AdDECBBF5C2,77057,0xbFCACb23F0B41EeEDFf7d04f52CE8f5125150806,0,1,1000000000000000,1743049115,1758946715,0xEeeeeEeeeEeEeeEeEeEeeEEEeeeeEeeeeeeeEEeE,ERC721,ACTIVE,False,38280260,1928740,4957182,1743049115,0x63f1e3474dd6ea3f0a5081b936edbcc47ab55fd0c869e96cde02b40bff718f70,NewListing
0x2B82cA6a02F169674E78304a9C2fc9adADD6A535,77058,0xbc2d6E7c81E7f35473b3594031FCC4c519fD24Ad,0,11,1969000000000000,1743049155,1743308355,0xEeeeeEeeeEeEeeEeEeEeeEEEeeeeEeeeeeeeEEeE,ERC721,ACTIVE,False,38064796,239711,4957202,1743049155,0xa081c88624a8500199d489b43b50b8c8189662c9248905907135d7eec1a6e3ca,NewListing
0x41f07238C5096Eb7eb68c50FE8AE5AdDECBBF5C2,77070,0xbFCACb23F0B41EeEDFf7d04f52CE8f5125150806,0,1,1000000000000000,1743049159,1758946759,0xEeeeeEeeeEeEeeEeEeEeeEEEeeeeEeeeeeeeEEeE,ERC721,ACTIVE,False,37946362,2560424,4957204,1743049159,0x4698fdc58eb3bf21b956f64cf50e0d1b57dd731364355ff0618b3e0fe13ce616,NewListing
0x07c5f232655349A44284F152C63Ca4991E016242,77071,0x897d1cBBeDC44c8371672e8cA72555b5194D6D86,0,1,2500000000000000,1743049175,1743135575,0xEeeeeEeeeEeEeeEeEeEeeEEEeeeeEeeeeeeeEEeE,ERC721,ACTIVE,False,37707107,239674,4957212,1743049175,0xd6bfa4c587b4007d2aa68064568e958d562cd3428279b4fca0881a002e21fbe6,NewListing
0x9D3732727D5d56C2234264aB0154111EB91dD0CA,77072,0xbc2d6E7c81E7f35473b3594031FCC4c519fD24Ad,0,1,274900000000000,1743049205,1743135605,0xEeeeeEeeeEeEeeEeEeEeeEEEeeeeEeeeeeeeEEeE,ERC721,ACTIVE,False,37325751,239662,4957227,1743049205,0x141397e3426010a1b624d55a3ce8193bd2e8a0ac1efe87a89db2e1a1a173e7cc,NewListing
0x07c5f232655349A44284F152C63Ca4991E016242,77073,0x897d1cBBeDC44c8371672e8cA72555b5194D6D86,0,1,2500000000000000,1743049221,1743135621,0xEeeeeEeeeEeEeeEeEeEeeEEEeeeeEeeeeeeeEEeE,ERC721,ACTIVE,False,36995443,239674,4957235,1743049221,0xee3937c5d494625574b4a31c73f2c54148525dc8edd9b88d7682c25d36e9f644,NewListing
0xeb418E53EFcDc351137C9A81c70967b8D7063f4C,77074,0x7e5F161dd824d98AC3474eBf550716d0cb83E8C6,0,1,500000000000000,1743049235,1750825234,0xEeeeeEeeeEeEeeEeEeEeeEEEeeeeEeeeeeeeEEeE,ERC721,ACTIVE,False,36872938,239662,4957242,1743049235,0xf02a61337b8e85cd341df49040ad5582a083ec3137255b3834b728b886253de4,NewListing
0x607a70E94c612bA045cf48B0F8E241A611f574D7,77075,0xbc2d6E7c81E7f35473b3594031FCC4c519fD24Ad,0,5,500000000000000,1743049237,1743135637,0xEeeeeEeeeEeEeeEeEeEeeEEEeeeeEeeeeeeeEEeE,ERC721,ACTIVE,False,37700000,239711,4957243,1743049237,0xdb7bc5321847db68c497b4a838b4561891394a0be6c7b455f8aa7e12bc206bf0,NewListing
0x07c5f232655349A44284F152C63Ca4991E016242,77076,0x897d1cBBeDC44c8371672e8cA72555b5194D6D86,0,1,2500000000000000,1743049237,1743135637,0xEeeeeEeeeEeEeeEeEeEeeEEEeeeeEeeeeeeeEEeE,ERC721,ACTIVE,False,36743177,239674,4957243,1743049237,0x2fc408f59f2d3debd4aca194d458855c703b202bcc2bad1bb7bd7a1f633de6d4,NewListing
0x3952C373d9c287B6DAD64Bb58D0b63f891dDb9b9,77077,0xbc2d6E7c81E7f35473b3594031FCC4c519fD24Ad,0,1,240000000000000,1743049245,1743308445,0xEeeeeEeeeEeEeeEeEeEeeEEEeeeeEeeeeeeeEEeE,ERC721,ACTIVE,False,37090000,239650,4957247,1743049245,0x4968063135b770d2c4c956f271173c4a7ad0c10c9fcf8bf7cac200a821934852,NewListing
0x9D3732727D5d56C2234264aB0154111EB91dD0CA,77078,0x02e21A25F0038fa5BDEe9c0b77aC0c1E84d3d6f0,1465,1,996000000000000,1743049363,1743308563,0xEeeeeEeeeEeEeeEeEeEeeEEEeeeeEeeeeeeeEEeE,ERC1155,ACTIVE,False,35046804,265306,4957306,1743049363,0xf2aa85d34a231db55b2b354b4aa6f41730e3e9baa6841fc2fb35bb45a75c2dbd,NewListing
0x41f07238C5096Eb7eb68c50FE8AE5AdDECBBF5C2,77090,0xbFCACb23F0B41EeEDFf7d04f52CE8f5125150806,0,1,1000000000000000,1743049387,1758946987,0xEeeeeEeeeEeEeeEeEeEeeEEEeeeeEeeeeeeeEEeE,ERC721,ACTIVE,False,34486014,2560424,4957318,1743049387,0xe1201999ef146152d1403701920e1d0b52526b96e760a36368684dc38983e7e8,NewListing
0x41f07238C5096Eb7eb68c50FE8AE5AdDECBBF5C2,77102,0xbFCACb23F0B41EeEDFf7d04f52CE8f5125150806,0,1,1000000000000000,1743049417,1758947017,0xEeeeeEeeeEeEeeEeEeEeeEEEeeeeEeeeeeeeEEeE,ERC721,ACTIVE,False,34016416,2560424,4957333,1743049417,0xbfe4c88282772097dac14e53a8540ced20bb6b11baacebde6e321b08edc5ab5b,NewListing
0x41f07238C5096Eb7eb68c50FE8AE5AdDECBBF5C2,77114,0xbFCACb23F0B41EeEDFf7d04f52CE8f5125150806,0,1,1000000000000000,1743049453,1758947053,0xEeeeeEeeeEeEeeEeEeEeeEEEeeeeEeeeeeeeEEeE,ERC721,ACTIVE,False,33528229,2560424,4957351,1743049453,0xe4aae8c2e1734ed4b2e1196166ffd6e64fa34b745947452f64316ecd0035eb33,NewListing
0xD34604aCc4e6cA8F99287251B7b6f78BF9BFEEc5,77115,0xbc2d6E7c81E7f35473b3594031FCC4c519fD24Ad,0,1,1000000000000000000,1743049481,1743135881,0xEeeeeEeeeEeEeeEeEeEeeEEEeeeeEeeeeeeeEEeE,ERC721,ACTIVE,False,33360000,239674,4957365,1743049481,0x5fd7a279be77c4509b1d12e0901d22534de676410e594765d8a977b52e2fa105,NewListing
0x41f07238C5096Eb7eb68c50FE8AE5AdDECBBF5C2,77127,0xbFCACb23F0B41EeEDFf7d04f52CE8f5125150806,0,1,1000000000000000,1743049481,1758947081,0xEeeeeEeeeEeEeeEeEeEeeEEEeeeeEeeeeeeeEEeE,ERC721,ACTIVE,False,33185601,2560424,4957365,1743049481,0x2d74bd08b3cb1dd875da9f5645a86a5aaee26b504e473e50fd1e52c2ff03d7ae,NewListing
0xD34604aCc4e6cA8F99287251B7b6f78BF9BFEEc5,77128,0xbc2d6E7c81E7f35473b3594031FCC4c519fD24Ad,0,1,200000000000000000,1743049507,1743135907,0xEeeeeEeeeEeEeeEeEeEeeEEEeeeeEeeeeeeeEEeE,ERC721,ACTIVE,False,33080000,239674,4957378,1743049507,0xde9fbc3172756b8ce07bd0c0298e2cbc3f272c0bab3eb12ee31a6bfcfc9135f8,NewListing
0x41f07238C5096Eb7eb68c50FE8AE5AdDECBBF5C2,77140,0xbFCACb23F0B41EeEDFf7d04f52CE8f5125150806,0,1,1000000000000000,1743049509,1758947109,0xEeeeeEeeeEeEeeEeEeEeeEEEeeeeEeeeeeeeEEeE,ERC721,ACTIVE,False,32874092,2560424,4957379,1743049509,0xbc9f9ed91bba0cd4a59be75b5c3254d05c8b189c17cd63764b08b815c00939ca,NewListing
0xbAa9672503be4067CCc6eBB08BEe52af3e0b3b4C,77141,0x2Bf46D4497e98FbA2304B0d2453922FFf559Ea02,73,1,750000000000000,1743049603,1743136003,0xEeeeeEeeeEeEeeEeEeEeeEEEeeeeEeeeeeeeEEeE,ERC721,ACTIVE,False,32348833,259574,4957426,1743049603,0x6a6be6b068394b3b72e0df5a47a34735d112aa4a239b101256af4d4c7b62a55e,NewListing
0xD34604aCc4e6cA8F99287251B7b6f78BF9BFEEc5,77142,0xbc2d6E7c81E7f35473b3594031FCC4c519fD24Ad,0,1,11000000000000000000,1743049611,1743136011,0xEeeeeEeeeEeEeeEeEeEeeEEEeeeeEeeeeeeeEEeE,ERC721,ACTIVE,False,32470000,239674,4957430,1743049611,0xabc4d76213d7d7a21486d0a749aff426313d1e52ca5611119e11cbd962261d80,NewListing
0x41f07238C5096Eb7eb68c50FE8AE5AdDECBBF5C2,77154,0xbFCACb23F0B41EeEDFf7d04f52CE8f5125150806,0,1,1000000000000000,1743049611,1758947211,0xEeeeeEeeeEeEeeEeEeEeeEEEeeeeEeeeeeeeEEeE,ERC721,ACTIVE,False,32339828,2560424,4957430,1743049611,0x0022ebeb4edc5af975fa6df148a99eb0376ec6dcdbdd7db75d969b7950da1dd7,NewListing
0xD34604aCc4e6cA8F99287251B7b6f78BF9BFEEc5,77155,0xbc2d6E7c81E7f35473b3594031FCC4c519fD24Ad,0,1,1000000000000000000,1743049683,1743136083,0xEeeeeEeeeEeEeeEeEeEeeEEEeeeeEeeeeeeeEEeE,ERC721,ACTIVE,False,31770000,239674,4957466,1743049683,0xf3de26be93b938a689f534b495f1f2d50ebbbedf33da8d978eaa5d57fee60caf,NewListing
0xAD21DfcED742721138EF56D40B0d931648754fBD,77156,0xbc2d6E7c81E7f35473b3594031FCC4c519fD24Ad,1,1,249000000000000,1743049703,1743136103,0xEeeeeEeeeEeEeeEeEeEeeEEEeeeeEeeeeeeeEEeE,ERC721,ACTIVE,False,31415645,259574,4957476,1743049703,0x7b0de4f5ee243bd0e6799a9b9ab6ec9df2ad6160d438d31fee4a5f343ea24a1e,NewListing
0x287Bf6eF4CD02e1a086c59Cf52c0671507EE68cE,77157,0x2Bf46D4497e98FbA2304B0d2453922FFf559Ea02,74,1,740000000000000,1743049733,1743136133,0xEeeeeEeeeEeEeeEeEeEeeEEEeeeeEeeeeeeeEEeE,ERC721,ACTIVE,False,31440000,259574,4957491,1743049733,0x171ba4f94b6e4a7d7b88915a9178ac7e0c3d89c790f4d6e2a94f3c7b7104ea00,NewListing
0xD34604aCc4e6cA8F99287251B7b6f78BF9BFEEc5,77158,0xbc2d6E7c81E7f35473b3594031FCC4c519fD24Ad,0,1,1000000000000000000,1743049759,1743136159,0xEeeeeEeeeEeEeeEeEeEeeEEEeeeeEeeeeeeeEEeE,ERC721,ACTIVE,False,31160000,239674,4957504,1743049759,0x443f46f57e7a54ab5b11c4f8f46be694291ff99c7f74a27149cfc0ed08b8ca8a,NewListing
0x902D095cE2731417Bd60FD6a16f2A5FC778301C9,77159,0xbc2d6E7c81E7f35473b3594031FCC4c519fD24Ad,1,1,249000000000000,1743049781,1743136181,0xEeeeeEeeeEeEeeEeEeEeeEEEeeeeEeeeeeeeEEeE,ERC721,ACTIVE,False,30718078,259574,4957515,1743049781,0x7958d20b73365aadf7ab36e985e9fbfcbdce788d7201a03e9d20b14943df7ef9,NewListing
0xeb418E53EFcDc351137C9A81c70967b8D7063f4C,77160,0x7e5F161dd824d98AC3474eBf550716d0cb83E8C6,0,1,30000000000000000000,1743049891,1750825891,0x2CAE934a1e84F693fbb78CA5ED3B0A6893259441,ERC721,ACTIVE,False,29274042,239674,4957570,1743049891,0xfab388123d3511330f2b900185bc2fea4c074c8e91379b56945d587e4558f2c0,NewListing
0x8E50f63a7e76992c1d586b7F4a279cE5161923bf,77161,0xbc2d6E7c81E7f35473b3594031FCC4c519fD24Ad,1,1,249000000000000,1743049941,1743136341,0xEeeeeEeeeEeEeeEeEeEeeEEEeeeeEeeeeeeeEEeE,ERC721,ACTIVE,False,28649769,259574,4957595,1743049941,0x7b3dcd0f32b9bf0b4f32bac6d4b3984216e6d4c299cd5794da6c9439f2bf16db,NewListing
0x0b4c5E036Fa7E40dAb1E59434113adAeD83A80Df,77162,0xbc2d6E7c81E7f35473b3594031FCC4c519fD24Ad,1,1,249000000000000,1743050043,1743136443,0xEeeeeEeeeEeEeeEeEeEeeEEEeeeeEeeeeeeeEEeE,ERC721,ACTIVE,False,27909280,259574,4957646,1743050043,0xa0608a561da01773a01afe5e8fa84359b4b5fb298ccd8f432df69b5ad42c2919,NewListing
0xbAa9672503be4067CCc6eBB08BEe52af3e0b3b4C,77163,0x2Bf46D4497e98FbA2304B0d2453922FFf559Ea02,77,1,750000000000000,1743050065,1743136465,0xEeeeeEeeeEeEeeEeEeEeeEEEeeeeEeeeeeeeEEeE,ERC721,ACTIVE,False,27730297,259574,4957657,1743050065,0x1b8bbf8a9c546d03aaca7c43805c43446d7ab9e0a10ec4e7665d184e4fecbfb6,NewListing
0x84Fea0Ba6B685f7Cc9057d6D619FE075c524850e,77164,0xbc2d6E7c81E7f35473b3594031FCC4c519fD24Ad,1,1,249000000000000,1743050095,1743136495,0xEeeeeEeeeEeEeeEeEeEeeEEEeeeeEeeeeeeeEEeE,ERC721,ACTIVE,False,27620850,259574,4957672,1743050095,0x673e70a8f43f0f622d8560bc93a8c6e5bbfe889f3b3726544e7ad953b53f1d47,NewListing
0x8F791c0592Db171D84167D10Baa70Fd6DD26705C,77165,0xbc2d6E7c81E7f35473b3594031FCC4c519fD24Ad,0,1,80000000000000000,1743050245,1743136645,0xEeeeeEeeeEeEeeEeEeEeeEEEeeeeEeeeeeeeEEeE,ERC721,ACTIVE,False,27400000,239674,4957747,1743050245,0x6fef8ffa25ca4745259f54eb17cb663c5b9e3cf1e9640f824200a329314e2ff5,NewListing
0x8F791c0592Db171D84167D10Baa70Fd6DD26705C,77166,0xbc2d6E7c81E7f35473b3594031FCC4c519fD24Ad,1,1,70000000000000000,1743050271,1743136671,0xEeeeeEeeeEeEeeEeEeEeeEEEeeeeEeeeeeeeEEeE,ERC721,ACTIVE,False,27180000,259574,4957760,1743050271,0x8f45948358dbd594d3d7fd8d171b1a0594d0b2109499b675ed028b450e69b70e,NewListing
0x2fd84F8Fff76A8071195fd626494579fdf06408e,77167,0xbc2d6E7c81E7f35473b3594031FCC4c519fD24Ad,1,1,249000000000000,1743050271,1743136671,0xEeeeeEeeeEeEeeEeEeEeeEEEeeeeEeeeeeeeEEeE,ERC721,ACTIVE,False,27138514,259574,4957760,1743050271,0x913e07977a1db623bac9af1201eb225fd178991ea7c8d5f3e050ec1321882bd0,NewListing
0x3AC62AefC00468bC4DE94E6635491676a5ba29c9,77168,0xbc2d6E7c81E7f35473b3594031FCC4c519fD24Ad,1,1,249000000000000,1743050353,1743136753,0xEeeeeEeeeEeEeeEeEeEeeEEEeeeeEeeeeeeeEEeE,ERC721,ACTIVE,False,26302921,259574,4957801,1743050353,0x73a49f5a7c31ec6588b0dc95495f615de0f31c3a16b4d457e424264ac549824c,NewListing
0xE09eB0f5F208E775BC98cE0f01524B956a39aa4D,77169,0xbc2d6E7c81E7f35473b3594031FCC4c519fD24Ad,1,1,249000000000000,1743050451,1743136851,0xEeeeeEeeeEeEeeEeEeEeeEEEeeeeEeeeeeeeEEeE,ERC721,ACTIVE,False,26656132,259574,4957850,1743050451,0x09e827acc8e9315e79fcfa99084ef9f7d973b1fb5b808078d6b8bcfd32446db9,NewListing
0xcbC8bB3cd671C35a885a90BfA036F747Db7cc897,77170,0xEB255E4669Da7FeEf1F746a5a778b4e08b65a1A7,0,1,35000000000000000000,1743050555,1743136955,0x2CAE934a1e84F693fbb78CA5ED3B0A6893259441,ERC721,ACTIVE,False,25759928,239674,4957902,1743050555,0x2a07803d5138403a4e789ad8590c1a3424cc99e514963054d46dfd6c08e9aa59,NewListing
0xcbC8bB3cd671C35a885a90BfA036F747Db7cc897,77171,0xEB255E4669Da7FeEf1F746a5a778b4e08b65a1A7,0,1,35500000000000000000,1743050631,1743137031,0x2CAE934a1e84F693fbb78CA5ED3B0A6893259441,ERC721,ACTIVE,False,24792806,239674,4957940,1743050631,0xcd03f0f245e587a89b3b300bc799d4aac76795d8cb864654d68f8dc8e9c6f087,NewListing
0xcbC8bB3cd671C35a885a90BfA036F747Db7cc897,77172,0xEB255E4669Da7FeEf1F746a5a778b4e08b65a1A7,0,1,35000000000000000000,1743050925,1743137325,0x2CAE934a1e84F693fbb78CA5ED3B0A6893259441,ERC721,ACTIVE,False,24176811,239674,4958087,1743050925,0xe4cbef4ae3ac5369647a7322d20f71d30d8c55dade95550c4be93e4e959916cd,NewListing
0x07c5f232655349A44284F152C63Ca4991E016242,77173,0x897d1cBBeDC44c8371672e8cA72555b5194D6D86,0,1,2000000000000000,1743051045,1750999845,0xEeeeeEeeeEeEeeEeEeEeeEEEeeeeEeeeeeeeEEeE,ERC721,ACTIVE,False,23619092,239662,4958147,1743051045,0x2909fa3cb6aa686b3988b491d1f13c3c2c46cd11837ee98d1330d727c037d99a,NewListing
0x502836Bda477E0DD21332D831a8e1d73263e8Cc5,77174,0xbc2d6E7c81E7f35473b3594031FCC4c519fD24Ad,1,1,249000000000000,1743051053,1743137453,0xEeeeeEeeeEeEeeEeEeEeeEEEeeeeEeeeeeeeEEeE,ERC721,ACTIVE,False,23769950,259574,4958151,1743051053,0xffa769213493dbe44d0c581e2751927e2bbc59846113ff80d3a425c36eb061b4,NewListing
0xb6273e0B437e863A235FD2A91AF7A954b431e7Ee,77175,0xbc2d6E7c81E7f35473b3594031FCC4c519fD24Ad,0,1,247000000000000,1743051101,1743137501,0xEeeeeEeeeEeEeeEeEeEeeEEEeeeeEeeeeeeeEEeE,ERC721,ACTIVE,False,23770000,239662,4958175,1743051101,0xf64c56200abab25ccaee7b0d07e650fdd3b2934cff24d02da1ef0e446eda6e0f,NewListing
0xcbC8bB3cd671C35a885a90BfA036F747Db7cc897,77176,0x897d1cBBeDC44c8371672e8cA72555b5194D6D86,0,1,55000000000000000000,1743051125,1743137525,0x2CAE934a1e84F693fbb78CA5ED3B0A6893259441,ERC721,ACTIVE,False,23531988,239686,4958187,1743051125,0xf72683c3069a4e868ee084311304a2703860fe4ae1b0bae5e2a4065c681c28ec,NewListing
0x086cf18707608Ce5032ea46ed0a966FE8820072C,77177,0xbc2d6E7c81E7f35473b3594031FCC4c519fD24Ad,1,1,249000000000000,1743051131,1743137531,0xEeeeeEeeeEeEeeEeEeEeeEEEeeeeEeeeeeeeEEeE,ERC721,ACTIVE,False,23367847,259574,4958190,1743051131,0x6b6415e8692eb1e4face9aef3cc51f0cdb965829edea1bd21391795865c2aef4,NewListing
0xb6273e0B437e863A235FD2A91AF7A954b431e7Ee,77178,0xbc2d6E7c81E7f35473b3594031FCC4c519fD24Ad,0,1,246600000000000,1743051183,1743137583,0xEeeeeEeeeEeEeeEeEeEeeEEEeeeeEeeeeeeeEEeE,ERC721,ACTIVE,False,23450000,239662,4958216,1743051183,0x80bc6493d668e808edda1756d63c1c34e61f0a3e6991d020f75fbcfe6802013b,NewListing
0x07c5f232655349A44284F152C63Ca4991E016242,77179,0xbc2d6E7c81E7f35473b3594031FCC4c519fD24Ad,0,1,2300000000000000,1743051191,1743137591,0xEeeeeEeeeEeEeeEeEeEeeEEEeeeeEeeeeeeeEEeE,ERC721,ACTIVE,False,23390672,239674,4958220,1743051191,0x26137e2e8f3a8b2a674d5e053a2fe73db50f47648f0814cc8b03387fc12245f9,NewListing
0x935e4dDAF637038303d6F818d3B9493493811e18,77180,0xbc2d6E7c81E7f35473b3594031FCC4c519fD24Ad,1,1,249000000000000,1743051201,1743137601,0xEeeeeEeeeEeEeeEeEeEeeEEEeeeeEeeeeeeeEEeE,ERC721,ACTIVE,False,23318015,259574,4958225,1743051201,0x1775938dd555890b2133dd5fccd58a230e541ed75842f9265e20549276b03d30,NewListing
0x07c5f232655349A44284F152C63Ca4991E016242,77181,0xbc2d6E7c81E7f35473b3594031FCC4c519fD24Ad,0,1,2330000000000000,1743051241,1743137641,0xEeeeeEeeeEeEeeEeEeEeeEEEeeeeEeeeeeeeEEeE,ERC721,ACTIVE,False,23409624,239674,4958245,1743051241,0x9c337205f3565ae9deb7e7609a06a1bf3c669b8105293a78c7d54faf4134adaf,NewListing
0x161c9E7E21951B5104bA07F4a7351565AEbEf679,77182,0xbc2d6E7c81E7f35473b3594031FCC4c519fD24Ad,1,1,249000000000000,1743051263,1743137663,0xEeeeeEeeeEeEeeEeEeEeeEEEeeeeEeeeeeeeEEeE,ERC721,ACTIVE,False,23451282,259574,4958256,1743051263,0x963c1082bc9e74b893df0db027c968f0f962dadcf5c0aedb8ffaa7a1644c315f,NewListing
0x65f019Aaa97FB3eB547C968Dd72367CF8102c4E7,77183,0xbc2d6E7c81E7f35473b3594031FCC4c519fD24Ad,0,7,1680000000000000,1743051271,1743137671,0xEeeeeEeeeEeEeeEeEeEeeEEEeeeeEeeeeeeeEEeE,ERC721,ACTIVE,False,23590000,239699,4958260,1743051271,0x551d59ea11c920b789b28bedb78830c06f26de5dde56dee005be01282bdca833,NewListing
0xb6273e0B437e863A235FD2A91AF7A954b431e7Ee,77184,0xbc2d6E7c81E7f35473b3594031FCC4c519fD24Ad,1,1,240000000000000,1743051283,1743137683,0xEeeeeEeeeEeEeeEeEeEeeEEEeeeeEeeeeeeeEEeE,ERC721,ACTIVE,False,23490000,259562,4958266,1743051283,0xa4bfd94e3d56f18161ec6689f07a7d44da84414adba47d51b969962d71abe5df,NewListing
0xb6273e0B437e863A235FD2A91AF7A954b431e7Ee,77185,0xbc2d6E7c81E7f35473b3594031FCC4c519fD24Ad,0,1,240000000000000,1743051301,1743137701,0xEeeeeEeeeEeEeeEeEeEeeEEEeeeeEeeeeeeeEEeE,ERC721,ACTIVE,False,23540000,239650,4958275,1743051301,0x4d3f6257df6634161c47cc95ed93d27d403dbac9ed333eed8e0094d785d6d399,NewListing
0x65f019Aaa97FB3eB547C968Dd72367CF8102c4E7,77186,0xbc2d6E7c81E7f35473b3594031FCC4c519fD24Ad,1,3,750000000000000,1743051319,1743137719,0xEeeeeEeeeEeEeeEeEeEeeEEEeeeeEeeeeeeeEEeE,ERC721,ACTIVE,False,23680000,259623,4958284,1743051319,0x4f2270a4757e9d755543b443a45bcdfdc7659ab9117dba3acdfeba811453ad52,NewListing
0xb6273e0B437e863A235FD2A91AF7A954b431e7Ee,77187,0xbc2d6E7c81E7f35473b3594031FCC4c519fD24Ad,0,1,240000000000000,1743051327,1743137727,0xEeeeeEeeeEeEeeEeEeEeeEEEeeeeEeeeeeeeEEeE,ERC721,ACTIVE,False,23690000,239650,4958288,1743051327,0x01cb4418c801539fca5dd7849732a66af05bdaecb3e6bfd93e78aef9870f8768,NewListing
0xe44129EcF75679829d533f05990bc9cd9E0732eC,77188,0xbc2d6E7c81E7f35473b3594031FCC4c519fD24Ad,1,1,249000000000000,1743051345,1743137745,0xEeeeeEeeeEeEeeEeEeEeeEEEeeeeEeeeeeeeEEeE,ERC721,ACTIVE,False,23653656,259574,4958297,1743051345,0x11d4a60fc58d955ef5034628c68621403c00b06ac536b7a87621fec263719696,NewListing
0xb6273e0B437e863A235FD2A91AF7A954b431e7Ee,77189,0xbc2d6E7c81E7f35473b3594031FCC4c519fD24Ad,0,1,245000000000000,1743051349,1743137749,0xEeeeeEeeeEeEeeEeEeEeeEEEeeeeEeeeeeeeEEeE,ERC721,ACTIVE,False,23710000,239662,4958299,1743051349,0x79161fd338aa9e5e061db329840325f5c51c25203e03657663e68d4ea6d2a504,NewListing
0x07c5f232655349A44284F152C63Ca4991E016242,77190,0xbc2d6E7c81E7f35473b3594031FCC4c519fD24Ad,0,1,2300000000000000,1743051415,1743137815,0xEeeeeEeeeEeEeeEeEeEeeEEEeeeeEeeeeeeeEEeE,ERC721,ACTIVE,False,23551455,239674,4958332,1743051415,0x90216fdad3a8702c9d05a5427f848e46a133e04073da3abae1abf1bfb3f74dcd,NewListing
0xAe6a78Bf15Abc44999929EE0ccE2154c23e59f37,77191,0xbc2d6E7c81E7f35473b3594031FCC4c519fD24Ad,1,1,249000000000000,1743051415,1743137815,0xEeeeeEeeeEeEeeEeEeEeeEEEeeeeEeeeeeeeEEeE,ERC721,ACTIVE,False,23551455,259574,4958332,1743051415,0x3662ea50faf8150cde5539dffe6e374bfb52224542d99d73899c83a3fa387833,NewListing
0x451008D779AaF31f81CA70298952E1FD122De36b,77192,0xbc2d6E7c81E7f35473b3594031FCC4c519fD24Ad,1,1,249000000000000,1743051487,1743137887,0xEeeeeEeeeEeEeeEeEeEeeEEEeeeeEeeeeeeeEEeE,ERC721,ACTIVE,False,23203971,259574,4958368,1743051487,0xfa3b098719ad7add4701bdf758ea32a2a89153ad192a350aaad5681f8ac180b7,NewListing
0xeb418E53EFcDc351137C9A81c70967b8D7063f4C,77193,0x7e5F161dd824d98AC3474eBf550716d0cb83E8C6,2,1,20345345345345000000000000000000,1743051501,1750827501,0xEeeeeEeeeEeEeeEeEeEeeEEEeeeeEeeeeeeeEEeE,ERC721,ACTIVE,False,23120790,259634,4958375,1743051501,0x207afe60ab3b8c92bb9e4af14772a9c5b95a964468dc15c858c801d9f68654d8,NewListing
0x7fE83d0B40AF1e9997BfD5f9442e6785a7263eb8,77194,0xbc2d6E7c81E7f35473b3594031FCC4c519fD24Ad,1,1,249000000000000,1743051549,1743137949,0xEeeeeEeeeEeEeeEeEeEeeEEEeeeeEeeeeeeeEEeE,ERC721,ACTIVE,False,22876939,259574,4958399,1743051549,0xc28a19e0a855178e03b6665fd949efe7e37ad7d36baae4028d1b1ef18cc3234c,NewListing
0xeb418E53EFcDc351137C9A81c70967b8D7063f4C,77195,0x7e5F161dd824d98AC3474eBf550716d0cb83E8C6,0,1,500000000000000,1743051611,1750827611,0xEeeeeEeeeEeEeeEeEeEeeEEEeeeeEeeeeeeeEEeE,ERC721,ACTIVE,False,22935406,239662,4958430,1743051611,0xe13e0addcaa3a6f69dd17c162fe20d7d2820e55f00a89560293e5b75f9a1c4d6,NewListing
0xeb418E53EFcDc351137C9A81c70967b8D7063f4C,77196,0x7e5F161dd824d98AC3474eBf550716d0cb83E8C6,0,1,30000000000000000000,1743051621,1750827621,0x2CAE934a1e84F693fbb78CA5ED3B0A6893259441,ERC721,ACTIVE,False,22964492,239674,4958435,1743051621,0x6d1873e08a24828ddbac03aa689d60d34ae59c8163d59643c822b06dd2c83236,NewListing
0x2e4D538968d2C1c3e50ceeB0CBEA9508402534c4,77197,0xbc2d6E7c81E7f35473b3594031FCC4c519fD24Ad,1,1,249000000000000,1743051639,1743138039,0xEeeeeEeeeEeEeeEeEeEeeEEEeeeeEeeeeeeeEEeE,ERC721,ACTIVE,False,22596849,259574,4958444,1743051639,0xc01151dfd45fcc8b3490e5039ece107460d4d953a65e97099d8f21e5ea20e5b0,NewListing
0x2018ceDdf965FE5B0535d19D313BA5ADB1Ef6551,77198,0xbc2d6E7c81E7f35473b3594031FCC4c519fD24Ad,1,1,249000000000000,1743051705,1743138105,0xEeeeeEeeeEeEeeEeEeEeeEEEeeeeEeeeeeeeEEeE,ERC721,ACTIVE,False,22493950,259574,4958477,1743051705,0x8da1d4895367e08466e37090541ac0144bf1f4ebfc69b0409153355e9e12b042,NewListing
0x6d882925377e9fA250FFd6b62164AB4084DBbCB7,77199,0xbc2d6E7c81E7f35473b3594031FCC4c519fD24Ad,0,8,19200000000000000,1743051709,1743138109,0xEeeeeEeeeEeEeeEeEeEeeEEEeeeeEeeeeeeeEEeE,ERC721,ACTIVE,False,22630000,239699,4958479,1743051709,0xa772d575d44685ca896ace671160a8deec5ea9ff6e35a8729d48b3a9e926fe14,NewListing
0x6d882925377e9fA250FFd6b62164AB4084DBbCB7,77200,0xdc0F91C5a4D200FfC21658901c77c0fE1A14d199,0,1,500000000000000,1743051781,1743138181,0xEeeeeEeeeEeEeeEeEeEeeEEEeeeeEeeeeeeeEEeE,ERC721,ACTIVE,False,22210000,239650,4958515,1743051781,0x887e873a43c36bfc686eb95eaea6026892df506b8b44893b72db37882f921fd8,NewListing
0x6d882925377e9fA250FFd6b62164AB4084DBbCB7,77201,0xbc2d6E7c81E7f35473b3594031FCC4c519fD24Ad,1,1,230000000000000,1743051839,1743138239,0xEeeeeEeeeEeEeeEeEeEeeEEEeeeeEeeeeeeeEEeE,ERC721,ACTIVE,False,21850000,259574,4958544,1743051839,0x36813d2ba423a307980afa38452b2783a93d23cc7c6419e6f0232e22f3850821,NewListing
0xD8f565bA1c646245843873B4C65c9D0a815C9970,77202,0xbc2d6E7c81E7f35473b3594031FCC4c519fD24Ad,0,21,4620000000000000,1743051957,1743138357,0xEeeeeEeeeEeEeeEeEeEeeEEEeeeeEeeeeeeeEEeE,ERC721,ACTIVE,False,20920000,239711,4958603,1743051957,0xde7b51d0d8600b17ad080ebbcff2d1b97928cc9aa0b9941ab6a0eff9628ab984,NewListing
0x64f7C019021aC74A68D90D08491Ca43b2a632E71,77203,0xbc2d6E7c81E7f35473b3594031FCC4c519fD24Ad,1,17,15300000000000000000,1743052027,1743138427,0x2CAE934a1e84F693fbb78CA5ED3B0A6893259441,ERC721,ACTIVE,False,20240241,259623,4958638,1743052027,0xe338815463790b401d9f2253db3ff3288fbda8ecc70a0627033452b79017776a,NewListing
0xD8f565bA1c646245843873B4C65c9D0a815C9970,77204,0xbc2d6E7c81E7f35473b3594031FCC4c519fD24Ad,1,1,220000000000000,1743052031,1743138431,0xEeeeeEeeeEeEeeEeEeEeeEEEeeeeEeeeeeeeEEeE,ERC721,ACTIVE,False,20300000,259574,4958640,1743052031,0x57252a14b934056cbba6d3db5dffe4dee57e7cb1d1679c56d5b81faf305bb89a,NewListing
0xB925c29BEDB898e1d0b396D3A3c5E54a1C2EC711,77205,0xbc2d6E7c81E7f35473b3594031FCC4c519fD24Ad,0,2,480000000000000,1743052191,1743138591,0xEeeeeEeeeEeEeeEeEeEeeEEEeeeeEeeeeeeeEEeE,ERC721,ACTIVE,False,19794135,239699,4958720,1743052191,0x13399632e741e37f42535e84c2510d2988b3bfd031f37593f5da12cf5ef4d044,NewListing
0xbAa9672503be4067CCc6eBB08BEe52af3e0b3b4C,77206,0x2Bf46D4497e98FbA2304B0d2453922FFf559Ea02,71,1,750000000000000,1743052191,1743138591,0xEeeeeEeeeEeEeeEeEeEeeEEEeeeeEeeeeeeeEEeE,ERC721,ACTIVE,False,19786994,259562,4958720,1743052191,0xde78525cdb80ea9b68336ae868863341eab02619333eaa0430148fd89ce71999,NewListing
0xB925c29BEDB898e1d0b396D3A3c5E54a1C2EC711,77207,0xbc2d6E7c81E7f35473b3594031FCC4c519fD24Ad,1,1,240000000000000,1743052233,1743138633,0xEeeeeEeeeEeEeeEeEeEeeEEEeeeeEeeeeeeeEEeE,ERC721,ACTIVE,False,19872779,259562,4958741,1743052233,0x3e9ef0597e6ffa61e5b83406943b6478d0108dc967a02b48546c331621777969,NewListing
0xbAa9672503be4067CCc6eBB08BEe52af3e0b3b4C,77208,0x2Bf46D4497e98FbA2304B0d2453922FFf559Ea02,70,1,750000000000000,1743052237,1743138637,0xEeeeeEeeeEeEeeEeEeEeeEEEeeeeEeeeeeeeEEeE,ERC721,ACTIVE,False,19860636,259574,4958743,1743052237,0x907a13ee37eb808d341c1da3df91a319c08aafcf6d0c0c4f4c68f68b312e1afb,NewListing
0xbAa9672503be4067CCc6eBB08BEe52af3e0b3b4C,77209,0x2Bf46D4497e98FbA2304B0d2453922FFf559Ea02,69,1,750000000000000,1743052273,1743138673,0xEeeeeEeeeEeEeeEeEeEeeEEEeeeeEeeeeeeeEEeE,ERC721,ACTIVE,False,19895281,259574,4958761,1743052273,0x594a8beb66381dc2cd2a8e929a3e77e7205a601bdef453f43bfa767913946f1a,NewListing
0xB925c29BEDB898e1d0b396D3A3c5E54a1C2EC711,77210,0x02e21A25F0038fa5BDEe9c0b77aC0c1E84d3d6f0,1685,1,10000000000000000,1743052277,1743138677,0xEeeeeEeeeEeEeeEeEeEeeEEEeeeeEeeeeeeeEEeE,ERC1155,ACTIVE,False,19898605,265294,4958763,1743052277,0xdfd2c639a8e80ca4ad189e693baec1fa203d15e6ef8d90d390c23c6402fa27a7,NewListing
0xC120a013Ce544b15C3c48ca0a0DA81fAA3F74346,77211,0xbc2d6E7c81E7f35473b3594031FCC4c519fD24Ad,1,1,249000000000000,1743052325,1743138725,0xEeeeeEeeeEeEeeEeEeEeeEEEeeeeEeeeeeeeEEeE,ERC721,ACTIVE,False,20044707,259574,4958787,1743052325,0x38351d9dd8b5af94d442ed06b16fef518f0d8a908cac4668ffa18f0d2a17dfdd,NewListing
0xbAa9672503be4067CCc6eBB08BEe52af3e0b3b4C,77212,0x2Bf46D4497e98FbA2304B0d2453922FFf559Ea02,62,1,750000000000000,1743052329,1743138729,0xEeeeeEeeeEeEeeEeEeEeeEEEeeeeEeeeeeeeEEeE,ERC721,ACTIVE,False,20048854,259574,4958789,1743052329,0x07d962df5cb0904e0a7dacdcc36fa24cf079f844d02a54ad82bd3be343a05bac,NewListing
0x904d2d988F4AE16a50A97995EB0fc459381f2b6B,77213,0xbc2d6E7c81E7f35473b3594031FCC4c519fD24Ad,1,1,249000000000000,1743052383,1743138783,0xEeeeeEeeeEeEeeEeEeEeeEEEeeeeEeeeeeeeEEeE,ERC721,ACTIVE,False,20065921,259574,4958816,1743052383,0x460cfc4e2ef84f281df1c674ec833413d7c6cfd467375d119c88f016acbd8cbe,NewListing
0xbAa9672503be4067CCc6eBB08BEe52af3e0b3b4C,77214,0x2Bf46D4497e98FbA2304B0d2453922FFf559Ea02,68,1,750000000000000,1743052449,1743138849,0xEeeeeEeeeEeEeeEeEeEeeEEEeeeeEeeeeeeeEEeE,ERC721,ACTIVE,False,19687038,259574,4958849,1743052449,0x7db72f7d402fe561cea6240ac5c63812d6e59ebfab9c6957c41a8cc5bdbcfb5c,NewListing
0xDCec68E8c649Dd035cEc9F7a7565Fe4373c6b4f2,77215,0xbc2d6E7c81E7f35473b3594031FCC4c519fD24Ad,1,1,249000000000000,1743052461,1743138861,0xEeeeeEeeeEeEeeEeEeEeeEEEeeeeEeeeeeeeEEeE,ERC721,ACTIVE,False,19713545,259574,4958855,1743052461,0x393a2f80185ff7dc5ecfc899809ac45506cb6a8cef610a522930e93a2e8610ba,NewListing
0x8027De60944b11137c5d7D18E68C430c1E77a9B8,77219,0xdc0F91C5a4D200FfC21658901c77c0fE1A14d199,0,1,1000000000000000,1743052495,1743297295,0xEeeeeEeeeEeEeeEeEeEeeEEEeeeeEeeeeeeeEEeE,ERC721,ACTIVE,False,19735194,849074,4958872,1743052495,0x04e60197249486e4961eea9a27c0860ddd68d9621adfa19df6e2d3e1717438e2,NewListing
0xbAa9672503be4067CCc6eBB08BEe52af3e0b3b4C,77220,0x2Bf46D4497e98FbA2304B0d2453922FFf559Ea02,67,1,750000000000000,1743052515,1743138915,0xEeeeeEeeeEeEeeEeEeEeeEEEeeeeEeeeeeeeEEeE,ERC721,ACTIVE,False,19538207,259574,4958882,1743052515,0x9aac42b214985f7b5d04ce678f74d29f3d6d4f74fb69b1ed46d70482964f4fc1,NewListing
0x7cb11d94F606934e225d61d093f7c9F0b05E7d67,77221,0xbc2d6E7c81E7f35473b3594031FCC4c519fD24Ad,1,1,249000000000000,1743052519,1743138919,0xEeeeeEeeeEeEeeEeEeEeeEEEeeeeEeeeeeeeEEeE,ERC721,ACTIVE,False,19498334,259574,4958884,1743052519,0xf8e274e83d3167569ab6c4ea1f56872812771cbc85bb960bf181e089cfd22f63,NewListing
0xeb418E53EFcDc351137C9A81c70967b8D7063f4C,77222,0x7e5F161dd824d98AC3474eBf550716d0cb83E8C6,0,1,500000000000000,1743052531,1750828530,0xEeeeeEeeeEeEeeEeEeEeeEEEeeeeEeeeeeeeEEeE,ERC721,ACTIVE,False,19583745,239662,4958890,1743052531,0x98aedb0b18de40d862c9c2cd8feae9f4fd232c836416e200f2b69ef2f07afb75,NewListing
0xD3bD2Be876Bf3A7323080128826A0cA768dd0D9d,77223,0xbc2d6E7c81E7f35473b3594031FCC4c519fD24Ad,0,2,2000000000000000,1743052539,1743138939,0xEeeeeEeeeEeEeeEeEeEeeEEEeeeeEeeeeeeeEEeE,ERC721,ACTIVE,False,19536595,239699,4958894,1743052539,0xb5941ea4c802e44df01265ada07246c33807a4aaf2b2743f954e1ec78e9c32c0,NewListing
0xCC14Ea45c46526905FB88b6380f37632285E892E,77224,0xbc2d6E7c81E7f35473b3594031FCC4c519fD24Ad,1,1,249000000000000,1743052579,1743138979,0xEeeeeEeeeEeEeeEeEeEeeEEEeeeeEeeeeeeeEEeE,ERC721,ACTIVE,False,19540414,259574,4958914,1743052579,0xf4189344bde40d2c2e7785eed91f1e0abae7050d1c4c8dc6007a7958ba59bbe6,NewListing
0xD3bD2Be876Bf3A7323080128826A0cA768dd0D9d,77225,0xbc2d6E7c81E7f35473b3594031FCC4c519fD24Ad,0,2,1000000000000000,1743052639,1743139039,0xEeeeeEeeeEeEeeEeEeEeeEEEeeeeEeeeeeeeEEeE,ERC721,ACTIVE,False,19456598,239711,4958944,1743052639,0xcda240359109a639c4096a7e10de6035ad653a7ab6cf8d2813e30a4b10f5de7f,NewListing
0xD3bD2Be876Bf3A7323080128826A0cA768dd0D9d,77226,0xbc2d6E7c81E7f35473b3594031FCC4c519fD24Ad,0,7,1610000000000000,1743052801,1743139201,0xEeeeeEeeeEeEeeEeEeEeeEEEeeeeEeeeeeeeEEeE,ERC721,ACTIVE,False,19180858,239711,4959025,1743052801,0xfd9e1a2204855767aae58123aa9dcb2e87fab58ed622576c884216b29b43a2d6,NewListing
0xeF0Ef28b882d166B732d00A01Ea762B9CCd3FE44,77227,0xbc2d6E7c81E7f35473b3594031FCC4c519fD24Ad,1,10,240000000000000,1743052927,1743139327,0xEeeeeEeeeEeEeeEeEeEeeEEEeeeeEeeeeeeeEEeE,ERC721,ACTIVE,False,19910000,259599,4959088,1743052927,0x4690a8ff5eb3150975f628377501257fd48c096afa03388e85357b50701d489d,NewListing
0xbAa9672503be4067CCc6eBB08BEe52af3e0b3b4C,77228,0x0c951D9e6EC40FB01007AA8463a98a4C8829874d,0,1,2200000000000000,1743052955,1743139355,0xEeeeeEeeeEeEeeEeEeEeeEEEeeeeEeeeeeeeEEeE,ERC721,ACTIVE,False,20042440,239662,4959102,1743052955,0xe222976070af499adf1a5d285d7e5105a151262854dd72f5a8994b477ca51900,NewListing
0x22c5B360a725D4983e4F5F48aC4f474b364f5E43,77229,0xbc2d6E7c81E7f35473b3594031FCC4c519fD24Ad,0,1,220000000000000,1743052969,1743139369,0xEeeeeEeeeEeEeeEeEeEeeEEEeeeeEeeeeeeeEEeE,ERC721,ACTIVE,False,20213218,239662,4959109,1743052969,0x18890b351e2cfc690f5334f2af62dfb6dd91c797183fd3a0999aeb97db9b0ba2,NewListing
0xeb418E53EFcDc351137C9A81c70967b8D7063f4C,77230,0x7e5F161dd824d98AC3474eBf550716d0cb83E8C6,0,1,500000000000000,1743053143,1750829143,0xEeeeeEeeeEeEeeEeEeEeeEEEeeeeEeeeeeeeEEeE,ERC721,ACTIVE,False,20599763,239662,4959196,1743053143,0xd8d7098660af7a0ca9f663bae4c5a888315a5dccf9201d34a32e18d4308ab63b,NewListing
0x8505E4D753193aF3C2F80Bc8b8159725758194D1,77231,0x7e5F161dd824d98AC3474eBf550716d0cb83E8C6,0,1,490000000000000,1743053211,1743139611,0xEeeeeEeeeEeEeeEeEeEeeEEEeeeeEeeeeeeeEEeE,ERC721,ACTIVE,False,20419187,239662,4959230,1743053211,0x2c5d4849e88af322970db7d2daf317a8d7bdfe2b42cdbc1a1b114717e55ab0ee,NewListing
0x8505E4D753193aF3C2F80Bc8b8159725758194D1,77232,0xbc2d6E7c81E7f35473b3594031FCC4c519fD24Ad,1,1,240000000000000,1743053277,1743139677,0xEeeeeEeeeEeEeeEeEeEeeEEEeeeeEeeeeeeeEEeE,ERC721,ACTIVE,False,20164310,259562,4959263,1743053277,0x3700c1754b9b394050ad829d8af48d7e9faebeeeae3b6c6d333c2f4592b96774,NewListing
0x93b61B31f0c3Ca3Cae48808070ba335Bcdb071F3,77233,0xbc2d6E7c81E7f35473b3594031FCC4c519fD24Ad,1,1,249000000000000,1743053355,1743139755,0xEeeeeEeeeEeEeeEeEeEeeEEEeeeeEeeeeeeeEEeE,ERC721,ACTIVE,False,20057397,259574,4959302,1743053355,0x95c583ba25fa888e5942e5582503b13f251241ed56335a7732098a1d4351f590,NewListing
0x93b61B31f0c3Ca3Cae48808070ba335Bcdb071F3,77234,0xbc2d6E7c81E7f35473b3594031FCC4c519fD24Ad,1,1,249000000000000,1743053451,1743139851,0xEeeeeEeeeEeEeeEeEeEeeEEEeeeeEeeeeeeeEEeE,ERC721,ACTIVE,False,19831771,259574,4959350,1743053451,0x9677c23d3a9b0cd0a1b2365d045d6923e7236d0b6deef4f4ca0f39e10904a8c8,NewListing
0xf3fc7730BF75975A916428d69DD20FBe35A20fc9,77235,0xbc2d6E7c81E7f35473b3594031FCC4c519fD24Ad,0,1,259999900000000,1743053475,1743139875,0xEeeeeEeeeEeEeeEeEeEeeEEEeeeeEeeeeeeeEEeE,ERC721,ACTIVE,False,19785054,239662,4959362,1743053475,0x1f0bcc02bd14f0957a263760abf24c76018d61c80d5781adceb7d2cc305ef355,NewListing
0xbBB71D1ad7fA635f9480a31B0A31baB6B87043ad,77236,0xbc2d6E7c81E7f35473b3594031FCC4c519fD24Ad,1,1,249000000000000,1743053617,1743140017,0xEeeeeEeeeEeEeeEeEeEeeEEEeeeeEeeeeeeeEEeE,ERC721,ACTIVE,False,19597967,259574,4959433,1743053617,0xc0a9d5704d7a6bfd771397c5f6deb764d9b35ef858d3531b31aff18b13aedada,NewListing
0xeb418E53EFcDc351137C9A81c70967b8D7063f4C,77237,0x7e5F161dd824d98AC3474eBf550716d0cb83E8C6,2,1,51381381381381000000000000000000,1743053619,1750829619,0xEeeeeEeeeEeEeeEeEeEeeEEEeeeeEeeeeeeeEEeE,ERC721,ACTIVE,False,19710778,259646,4959434,1743053619,0xdc81e4951428c8c4a68e6d4097f3c7a65fc775131b51a39892f9cdb0001d3c89,NewListing
0xeb418E53EFcDc351137C9A81c70967b8D7063f4C,77238,0x7e5F161dd824d98AC3474eBf550716d0cb83E8C6,2,1,51381381381381000000000000000000,1743053671,1750829671,0xEeeeeEeeeEeEeeEeEeEeeEEEeeeeEeeeeeeeEEeE,ERC721,ACTIVE,False,19485368,259646,4959460,1743053671,0xcca97ab3ddaaa2220c1d6431e62879da6e655d7804d925d0a56075161dc3970a,NewListing
0x79389b19b59b44B9017626b661aa00eFA0E3f67e,77239,0xbc2d6E7c81E7f35473b3594031FCC4c519fD24Ad,1,1,249000000000000,1743053749,1743140149,0xEeeeeEeeeEeEeeEeEeEeeEEEeeeeEeeeeeeeEEeE,ERC721,ACTIVE,False,19465520,259574,4959499,1743053749,0x4521892b485457b4247349aa779469d4356f2e063542111e9d5863f7fa2fe23e,NewListing
0x773a48228A236cc42e097aB82f3bEe3ed42e553D,77240,0xDfC21bE7cC791a5f03A95E836D385bBC6d7dF384,407,1,1000000000000000,1743053787,1743140187,0xEeeeeEeeeEeEeeEeEeEeeEEEeeeeEeeeeeeeEEeE,ERC1155,ACTIVE,False,19450000,265306,4959518,1743053787,0x12a9d649e10eec372fa081530618f5028d6df9d96511a571d31e0bf77ae5a2dd,NewListing
0xeb418E53EFcDc351137C9A81c70967b8D7063f4C,77241,0x7e5F161dd824d98AC3474eBf550716d0cb83E8C6,2,1,51381381381381000000000000000000,1743053789,1750829789,0xEeeeeEeeeEeEeeEeEeEeeEEEeeeeEeeeeeeeEEeE,ERC721,ACTIVE,False,19561776,259646,4959519,1743053789,0x525065bbb2ca14d5422f2bd4c634bdd04abc868b8150d95fd89777bc9367d48c,NewListing
0xeb418E53EFcDc351137C9A81c70967b8D7063f4C,77242,0x7e5F161dd824d98AC3474eBf550716d0cb83E8C6,2,1,51381381381381000000000000000000,1743053819,1750829819,0xEeeeeEeeeEeEeeEeEeEeeEEEeeeeEeeeeeeeEEeE,ERC721,ACTIVE,False,19497052,259646,4959534,1743053819,0x7cac477de651759bf85f6096d750282e1569e81d0d696f8e1fe6dc48fe8f897e,NewListing
0x22c5B360a725D4983e4F5F48aC4f474b364f5E43,77243,0xEB255E4669Da7FeEf1F746a5a778b4e08b65a1A7,0,1,200000000000000,1743053891,1743140291,0xEeeeeEeeeEeEeeEeEeEeeEEEeeeeEeeeeeeeEEeE,ERC721,ACTIVE,False,19347152,239650,4959570,1743053891,0x8ebfff6b998b5e5bc644051085974944cc20597be4c9075092d9d9d0ece82c83,NewListing
0x190F1Dac22a398b1bDbBf23F11358922acd2986d,77244,0xbc2d6E7c81E7f35473b3594031FCC4c519fD24Ad,1,1,249000000000000,1743053943,1743140343,0xEeeeeEeeeEeEeeEeEeEeeEEEeeeeEeeeeeeeEEeE,ERC721,ACTIVE,False,19573767,259574,4959596,1743053943,0x0d0a7c88ebec6f00769f4543dad486d708f175c71d2563c61d968f53775951b1,NewListing
0x164609fe5aE90Ee2110Fb9DF0b8E434e4EA313e3,77245,0xdc0F91C5a4D200FfC21658901c77c0fE1A14d199,0,1,590000000000000,1743054003,1743140403,0xEeeeeEeeeEeEeeEeEeEeeEEEeeeeEeeeeeeeEEeE,ERC721,ACTIVE,False,19820000,239650,4959626,1743054003,0x994058e5c3750e45f07f87b373614457eddd38483635c2f40d9a97001658a321,NewListing
0x8505E4D753193aF3C2F80Bc8b8159725758194D1,77246,0x7e5F161dd824d98AC3474eBf550716d0cb83E8C6,1,1,490000000000000,1743054017,1743140417,0xEeeeeEeeeEeEeeEeEeEeeEEEeeeeEeeeeeeeEEeE,ERC721,ACTIVE,False,19726307,259574,4959633,1743054017,0xaa0c5a5170d4552377914166be3b65cef6594fae4ae6a65b702ed893ae5d5251,NewListing
0xeb418E53EFcDc351137C9A81c70967b8D7063f4C,77247,0x7e5F161dd824d98AC3474eBf550716d0cb83E8C6,0,1,500000000000000,1743054053,1750830053,0xEeeeeEeeeEeEeeEeEeEeeEEEeeeeEeeeeeeeEEeE,ERC721,ACTIVE,False,19743501,239662,4959651,1743054053,0x8230a4a46493b372d6a2a6421fe3af224849ce696890e64f1df652fb3642b439,NewListing
0x8505E4D753193aF3C2F80Bc8b8159725758194D1,77248,0x7e5F161dd824d98AC3474eBf550716d0cb83E8C6,0,1,500000000000000,1743054061,1743140461,0xEeeeeEeeeEeEeeEeEeEeeEEEeeeeEeeeeeeeEEeE,ERC721,ACTIVE,False,19619180,239662,4959655,1743054061,0x339a07ad27070700a1d1cd2a9a070a9abf185013e5d77f7f5d120614e6e2dbb4,NewListing
0x20683b7398f3E5CAd97Fe6317D85e8AC2Fd7f124,77249,0xdc0F91C5a4D200FfC21658901c77c0fE1A14d199,0,1,500000000000000,1743054077,1745732477,0xEeeeeEeeeEeEeeEeEeEeeEEEeeeeEeeeeeeeEEeE,ERC721,ACTIVE,False,19700000,239650,4959663,1743054077,0xb43529e66e22a578b5f0d62d67fd7fd5d5b9a917468550b0845bc5427932378c,NewListing
0x8505E4D753193aF3C2F80Bc8b8159725758194D1,77250,0x7e5F161dd824d98AC3474eBf550716d0cb83E8C6,0,1,500000000000000,1743054085,1743140485,0xEeeeeEeeeEeEeeEeEeEeeEEEeeeeEeeeeeeeEEeE,ERC721,ACTIVE,False,19613990,239662,4959667,1743054085,0xcee1e7a41fefb499d241d93a68d5cefcf8c3f26f9873d3aaf3c4019777cf4339,NewListing
0x9281858d43fe81cb513A7886A292144d252dC455,77251,0xbc2d6E7c81E7f35473b3594031FCC4c519fD24Ad,1,1,249000000000000,1743054095,1743140495,0xEeeeeEeeeEeEeeEeEeEeeEEEeeeeEeeeeeeeEEeE,ERC721,ACTIVE,False,19599076,259574,4959672,1743054095,0x067b35c13c1680b8ddc07d5494b0295223f9a2408438540522b53851f12ffb0c,NewListing
0xeb418E53EFcDc351137C9A81c70967b8D7063f4C,77252,0x7e5F161dd824d98AC3474eBf550716d0cb83E8C6,2,1,51381381381381000000000000000000,1743054159,1750830159,0xEeeeeEeeeEeEeeEeEeEeeEEEeeeeEeeeeeeeEEeE,ERC721,ACTIVE,False,19683218,259646,4959704,1743054159,0x847cc5e2d6ebdd6cacd0b2509e8aa891634c4eaaca1883d19d21da0b0dddef16,NewListing
0x471925a1Ed91a3709775aC18E6cD1D751Ca9267A,77253,0xEB255E4669Da7FeEf1F746a5a778b4e08b65a1A7,0,1,2000000000000000,1743054227,1743140627,0xEeeeeEeeeEeEeeEeEeEeeEEEeeeeEeeeeeeeEEeE,ERC721,ACTIVE,False,19640000,239650,4959738,1743054227,0x6a385f16c1d16ad850d5fc0b5de0c500e877340e1b9c58122f46002aa0ebad9e,NewListing
0x20683b7398f3E5CAd97Fe6317D85e8AC2Fd7f124,77262,0x02e21A25F0038fa5BDEe9c0b77aC0c1E84d3d6f0,2016,1,300000000000000,1743054389,1751003189,0xEeeeeEeeeEeEeeEeEeEeeEEEeeeeEeeeeeeeEEeE,ERC1155,ACTIVE,False,19460000,1988240,4959819,1743054389,0xd5b63fcffcb34057cdd03425a868f012fdc0929a27fed4e8cbcae78f86e9999e,NewListing
0xeb418E53EFcDc351137C9A81c70967b8D7063f4C,77263,0x7e5F161dd824d98AC3474eBf550716d0cb83E8C6,2,1,61726726726726000000000000000000,1743054451,1750830451,0xEeeeeEeeeEeEeeEeEeEeeEEEeeeeEeeeeeeeEEeE,ERC721,ACTIVE,False,19288104,259646,4959850,1743054451,0xc98bbe7fbd1c3f07f69acb0aaff217bda24156afdb655ac26d0971efccb5d782,NewListing
0xeb418E53EFcDc351137C9A81c70967b8D7063f4C,77264,0x7e5F161dd824d98AC3474eBf550716d0cb83E8C6,2,1,61726726726726000000000000000000,1743054483,1750830483,0xEeeeeEeeeEeEeeEeEeEeeEEEeeeeEeeeeeeeEEeE,ERC721,ACTIVE,False,19215059,259646,4959866,1743054483,0x18efd18364f2afdea0ec2742e84755255c7e5fa21b507d550621812cce66d83d,NewListing
0xeb418E53EFcDc351137C9A81c70967b8D7063f4C,77265,0x7e5F161dd824d98AC3474eBf550716d0cb83E8C6,2,1,61726726726726000000000000000000,1743054563,1750830563,0xEeeeeEeeeEeEeeEeEeEeeEEEeeeeEeeeeeeeEEeE,ERC721,ACTIVE,False,19449291,259646,4959906,1743054563,0x1b7a4786b5c495f121cd744c01171a083cf5962f916bcea0cb6731053a18b33b,NewListing
0xeb418E53EFcDc351137C9A81c70967b8D7063f4C,77266,0x7e5F161dd824d98AC3474eBf550716d0cb83E8C6,2,1,61726726726726000000000000000000,1743054585,1750830585,0xEeeeeEeeeEeEeeEeEeEeeEEEeeeeEeeeeeeeEEeE,ERC721,ACTIVE,False,19486804,259646,4959917,1743054585,0x4c724a6dc41898a8ecd0d6118b55ae233ed036724d46f91e102e00951474515d,NewListing
0xeb418E53EFcDc351137C9A81c70967b8D7063f4C,77267,0x7e5F161dd824d98AC3474eBf550716d0cb83E8C6,2,1,61726726726726000000000000000000,1743054635,1750830635,0xEeeeeEeeeEeEeeEeEeEeeEEEeeeeEeeeeeeeEEeE,ERC721,ACTIVE,False,19384679,259646,4959942,1743054635,0xc368d29df733d691fd6c2f0cd3470368534df8424dff5fd0e4c6b0f9c3d93a87,NewListing
0xeb418E53EFcDc351137C9A81c70967b8D7063f4C,77268,0x7e5F161dd824d98AC3474eBf550716d0cb83E8C6,2,1,61726726726726000000000000000000,1743054661,1750830661,0xEeeeeEeeeEeEeeEeEeEeeEEEeeeeEeeeeeeeEEeE,ERC721,ACTIVE,False,19316080,259646,4959955,1743054661,0x1f5bb9a97e1ea1171f751885c8607a992787d32721ca80eec0e67c7d3c5ce364,NewListing
0x39F0ad6cB63e7f500a2a45c28b6e68B4ed3f0303,77269,0xbc2d6E7c81E7f35473b3594031FCC4c519fD24Ad,0,1,240000000000000,1743054861,1743141261,0xEeeeeEeeeEeEeeEeEeEeeEEEeeeeEeeeeeeeEEeE,ERC721,ACTIVE,False,19201204,239650,4960055,1743054861,0x91e78f483132f92ef02cf6f606c5fd931f583f0bc845f9cb6689f3737359a2d9,NewListing
0xeb418E53EFcDc351137C9A81c70967b8D7063f4C,77270,0x7e5F161dd824d98AC3474eBf550716d0cb83E8C6,2,1,61726726726726000000000000000000,1743054949,1750830949,0xEeeeeEeeeEeEeeEeEeEeeEEEeeeeEeeeeeeeEEeE,ERC721,ACTIVE,False,19172664,259646,4960099,1743054949,0xb6366198ced787e242b9659031b636836f39e49035575d58b6c0bebc9d36daff,NewListing
0xbAa9672503be4067CCc6eBB08BEe52af3e0b3b4C,77271,0x2Bf46D4497e98FbA2304B0d2453922FFf559Ea02,0,1,750000000000000,1743054961,1743141361,0xEeeeeEeeeEeEeeEeEeEeeEEEeeeeEeeeeeeeEEeE,ERC721,ACTIVE,False,19194429,239662,4960105,1743054961,0x987eb5980cdbfc9b4a5c4894f483aa2bcdf92582c0e6cdab600eb63bd2658af1,NewListing
0xeb418E53EFcDc351137C9A81c70967b8D7063f4C,77272,0x7e5F161dd824d98AC3474eBf550716d0cb83E8C6,2,1,61726726726726000000000000000000,1743055063,1750831063,0xEeeeeEeeeEeEeeEeEeEeeEEEeeeeEeeeeeeeEEeE,ERC721,ACTIVE,False,18837410,259646,4960156,1743055063,0xad2db2a719aacddfc2ff55f4a1d488f3f9703aa6eef850029d7182e0b1053099,NewListing
0x80fe121B69163E17bd4e9CC573652e29E48fa4ae,77273,0xbc2d6E7c81E7f35473b3594031FCC4c519fD24Ad,0,10,20000000000000000000,1743055091,1743141491,0x2CAE934a1e84F693fbb78CA5ED3B0A6893259441,ERC721,ACTIVE,False,18421611,239723,4960170,1743055091,0xf79c7717101bfe424a7d203541b1064d390a77c341da7f26137160efe241fefd,NewListing
0xbAa9672503be4067CCc6eBB08BEe52af3e0b3b4C,77274,0x2Bf46D4497e98FbA2304B0d2453922FFf559Ea02,1,1,740000000000000,1743055107,1743141507,0xEeeeeEeeeEeEeeEeEeEeeEEEeeeeEeeeeeeeEEeE,ERC721,ACTIVE,False,18286464,259574,4960178,1743055107,0x7011a9d84c3f000b9c146f34fed97b9b882eb16859c4a27e16183d53a180469c,NewListing
0x9D3732727D5d56C2234264aB0154111EB91dD0CA,77275,0xbc2d6E7c81E7f35473b3594031FCC4c519fD24Ad,0,1,259900000000000,1743055113,1743141513,0xEeeeeEeeeEeEeeEeEeEeeEEEeeeeEeeeeeeeEEeE,ERC721,ACTIVE,False,18255746,239662,4960181,1743055113,0xca8238664ce5f0e378bcce91d8b6dabbb453096fa855ede48abc20a986b0e331,NewListing
0x80fe121B69163E17bd4e9CC573652e29E48fa4ae,77276,0xbc2d6E7c81E7f35473b3594031FCC4c519fD24Ad,0,10,19000000000000000000,1743055121,1743141521,0x2CAE934a1e84F693fbb78CA5ED3B0A6893259441,ERC721,ACTIVE,False,18271767,239723,4960185,1743055121,0xcaebf5a0417ed00d7f81617f9a30f2246c9a97bb239d0eddba8397349faa01ce,NewListing
0xeb418E53EFcDc351137C9A81c70967b8D7063f4C,77277,0x7e5F161dd824d98AC3474eBf550716d0cb83E8C6,2,1,61726726726726000000000000000000,1743055123,1750831123,0xEeeeeEeeeEeEeeEeEeEeeEEEeeeeEeeeeeeeEEeE,ERC721,ACTIVE,False,18371072,259646,4960186,1743055123,0xca6af0d85998d8f59c2f66b724fbaf9f99a9461d6cf4368ac6bd109c0198d7be,NewListing
0xbAa9672503be4067CCc6eBB08BEe52af3e0b3b4C,77278,0x2Bf46D4497e98FbA2304B0d2453922FFf559Ea02,2,1,740000000000000,1743055183,1743141583,0xEeeeeEeeeEeEeeEeEeEeeEEEeeeeEeeeeeeeEEeE,ERC721,ACTIVE,False,18146742,259574,4960216,1743055183,0x2ec32c5eba217be346ba2758ee8e761d9248f992848ebe46ef8ccdc8cc1bdabb,NewListing
0xeb418E53EFcDc351137C9A81c70967b8D7063f4C,77279,0x7e5F161dd824d98AC3474eBf550716d0cb83E8C6,0,1,500000000000000,1743055209,1750831209,0xEeeeeEeeeEeEeeEeEeEeeEEEeeeeEeeeeeeeEEeE,ERC721,ACTIVE,False,18218579,239662,4960229,1743055209,0x59cc1078c7068e93c2a1e1799712b39052404a7e6620e5f01c853f83f15adfca,NewListing
0xeb418E53EFcDc351137C9A81c70967b8D7063f4C,77280,0x7e5F161dd824d98AC3474eBf550716d0cb83E8C6,0,1,30000000000000000000,1743055217,1750831216,0x2CAE934a1e84F693fbb78CA5ED3B0A6893259441,ERC721,ACTIVE,False,18367878,239674,4960233,1743055217,0xe84261f0136f4fe2a6379deca43f37e9baf3ecfcfc037a24abdeefb33eca54d7,NewListing
0x0Bf244405A7ee10d1F1F8c67e64D810fA1402860,77281,0xbc2d6E7c81E7f35473b3594031FCC4c519fD24Ad,0,1,240000000000000,1743055221,1758952821,0xEeeeeEeeeEeEeeEeEeEeeEEEeeeeEeeeeeeeEEeE,ERC721,ACTIVE,False,18231544,239650,4960235,1743055221,0x7fe611f370e9cbb807df5a34ef22e08210b5ebc6adf94de8ed2f7fb3a0ec9321,NewListing
0x13da30997B2dfF7d99b820e6a8fc371080577520,77282,0xEB255E4669Da7FeEf1F746a5a778b4e08b65a1A7,0,1,600000000000000,1743055237,1743141637,0xEeeeeEeeeEeEeeEeEeEeeEEEeeeeEeeeeeeeEEeE,ERC721,ACTIVE,False,18311771,239662,4960243,1743055237,0x26a7e83d02cfe84d6c66a47bf915a0a62b7ff5f9865ab2a8f87bba32da5b6672,NewListing
0x0Bf244405A7ee10d1F1F8c67e64D810fA1402860,77283,0xbc2d6E7c81E7f35473b3594031FCC4c519fD24Ad,0,1,230000000000000,1743055249,1758952849,0xEeeeeEeeeEeEeeEeEeEeeEEEeeeeEeeeeeeeEEeE,ERC721,ACTIVE,False,18240683,239662,4960249,1743055249,0x5295a7f5f1b0d9a9245ab7bfdf564423f2c39f91f8e10703e6b11ec0f78c9d06,NewListing
0x0Bf244405A7ee10d1F1F8c67e64D810fA1402860,77284,0xbc2d6E7c81E7f35473b3594031FCC4c519fD24Ad,0,1,200000000000000,1743055277,1758952877,0xEeeeeEeeeEeEeeEeEeEeeEEEeeeeEeeeeeeeEEeE,ERC721,ACTIVE,False,18395536,239662,4960263,1743055277,0xc7d617a2d17acfc33538a5b7e41478a4c6ede3873025d098f3c710333a15a29f,NewListing
0x0Bf244405A7ee10d1F1F8c67e64D810fA1402860,77285,0xbc2d6E7c81E7f35473b3594031FCC4c519fD24Ad,0,1,200000000000000,1743055303,1758952903,0xEeeeeEeeeEeEeeEeEeEeeEEEeeeeEeeeeeeeEEeE,ERC721,ACTIVE,False,18477644,239662,4960276,1743055303,0xcdfee5403cd967bdc49f5498852c7edc05265b6ac5cd8a3ec751e74a70aef054,NewListing
0x0Bf244405A7ee10d1F1F8c67e64D810fA1402860,77286,0xbc2d6E7c81E7f35473b3594031FCC4c519fD24Ad,0,1,200000000000000,1743055323,1758952923,0xEeeeeEeeeEeEeeEeEeEeeEEEeeeeEeeeeeeeEEeE,ERC721,ACTIVE,False,18351659,239662,4960286,1743055323,0xd030c4d8b8f947c497ba5f19a4c0c0854ed9660d1079eec81c38cf6cc980f189,NewListing
0x0Bf244405A7ee10d1F1F8c67e64D810fA1402860,77287,0xbc2d6E7c81E7f35473b3594031FCC4c519fD24Ad,0,1,200000000000000,1743055375,1758952975,0xEeeeeEeeeEeEeeEeEeEeeEEEeeeeEeeeeeeeEEeE,ERC721,ACTIVE,False,18224704,239638,4960312,1743055375,0xae66703625636cb7d2c55b2c3afcab893d4c8d79cd75d375a3ab9a4e7d9b0d04,NewListing
0x0Bf244405A7ee10d1F1F8c67e64D810fA1402860,77288,0xbc2d6E7c81E7f35473b3594031FCC4c519fD24Ad,0,1,200000000000000,1743055399,1758952999,0xEeeeeEeeeEeEeeEeEeEeeEEEeeeeEeeeeeeeEEeE,ERC721,ACTIVE,False,18261278,239662,4960324,1743055399,0x8cc4f1b61a8ce00426448417601e1c6f63b1d5a082dcc363735d2591bd825e23,NewListing
0x66f8304C23c078e5073731ab95872B55b11f1b66,77289,0xbc2d6E7c81E7f35473b3594031FCC4c519fD24Ad,0,1,1000000000000000000,1743055527,1743141927,0xEeeeeEeeeEeEeeEeEeEeeEEEeeeeEeeeeeeeEEeE,ERC721,ACTIVE,False,18680000,239674,4960388,1743055527,0xa765c3ef59ed7e30590b847881d5b149556ec03f6b930c36c6983fcd045e991a,NewListing
0xEEc533B64b265dfd52fd465AEb49D8E562d9Ea32,77290,0xbc2d6E7c81E7f35473b3594031FCC4c519fD24Ad,0,1,250000000000000,1743055545,1743141945,0xEeeeeEeeeEeEeeEeEeEeeEEEeeeeEeeeeeeeEEeE,ERC721,ACTIVE,False,18769099,239662,4960397,1743055545,0xfa1dd82cc181519c7f85a670916612f1261c6208e1672baea0ed08e40dcb3b86,NewListing
0xEEc533B64b265dfd52fd465AEb49D8E562d9Ea32,77291,0xbc2d6E7c81E7f35473b3594031FCC4c519fD24Ad,0,1,260000000000000,1743055587,1743141987,0xEeeeeEeeeEeEeeEeEeEeeEEEeeeeEeeeeeeeEEeE,ERC721,ACTIVE,False,36107044,239662,4960418,1743055587,0xdc4113dc4a163569009fc9102f6585704a91954bf5204734dad52f678e8a7a81,NewListing
0x66f8304C23c078e5073731ab95872B55b11f1b66,77292,0xbc2d6E7c81E7f35473b3594031FCC4c519fD24Ad,0,1,1000000000000000000,1743055591,1743141991,0xEeeeeEeeeEeEeeEeEeEeeEEEeeeeEeeeeeeeEEeE,ERC721,ACTIVE,False,18850000,239674,4960420,1743055591,0x1942acc254f32fe3994c02a3f6989b9175e3d9e0f0fa7d2bc5571b9ea9fa3f7d,NewListing
0x66f8304C23c078e5073731ab95872B55b11f1b66,77293,0xbc2d6E7c81E7f35473b3594031FCC4c519fD24Ad,0,1,1000000000000000000,1743055655,1743142055,0xEeeeeEeeeEeEeeEeEeEeeEEEeeeeEeeeeeeeEEeE,ERC721,ACTIVE,False,19170000,239674,4960452,1743055655,0x32fae483a7c37e24e5bd9f4ba4b026c3ad3ca1d555fd7f80357bbfc01fa57877,NewListing
0x66f8304C23c078e5073731ab95872B55b11f1b66,77294,0xbc2d6E7c81E7f35473b3594031FCC4c519fD24Ad,0,1,1000000000000000000,1743055719,1743142119,0xEeeeeEeeeEeEeeEeEeEeeEEEeeeeEeeeeeeeEEeE,ERC721,ACTIVE,False,19420000,239674,4960484,1743055719,0x1a72af3bcec761f5778183385cd69560aa669c1f7cbf6efd8ce1db8e121eaab4,NewListing
0x66f8304C23c078e5073731ab95872B55b11f1b66,77295,0xbc2d6E7c81E7f35473b3594031FCC4c519fD24Ad,0,1,1000000000000000000,1743055795,1743142195,0xEeeeeEeeeEeEeeEeEeEeeEEEeeeeEeeeeeeeEEeE,ERC721,ACTIVE,False,19880000,239674,4960522,1743055795,0x014f8bea44824a34e1269002566cb0c3be755ac2b37933e3a135bbdf938c4441,NewListing
0xeb418E53EFcDc351137C9A81c70967b8D7063f4C,77296,0x7e5F161dd824d98AC3474eBf550716d0cb83E8C6,2,1,61726726726726000000000000000000,1743056053,1750832053,0xEeeeeEeeeEeEeeEeEeEeeEEEeeeeEeeeeeeeEEeE,ERC721,ACTIVE,False,22667968,259646,4960651,1743056053,0x5e0bf4ba6f3a3e4b5c254e94502afe22e692dd385840e638f8b58a20f30916cc,NewListing
0xae3eD39da68fcC1dCF0a3fCe7F049198EAA962eE,77297,0xbc2d6E7c81E7f35473b3594031FCC4c519fD24Ad,0,11,19800000000000000000,1743056267,1743142667,0x2CAE934a1e84F693fbb78CA5ED3B0A6893259441,ERC721,ACTIVE,False,25186729,239723,4960758,1743056267,0xa042dff2aaccb328aabcfee7af41a7b8459f39df0cb7adb6839ae8aaaffc4a9c,NewListing
0x1DD5fBc5CE3E5E91578045Abe5485ded3CAF5a49,77298,0xbc2d6E7c81E7f35473b3594031FCC4c519fD24Ad,0,1,238000000000000,1743056273,1745734673,0xEeeeeEeeeEeEeeEeEeEeeEEEeeeeEeeeeeeeEEeE,ERC721,ACTIVE,False,25280000,239662,4960761,1743056273,0x911b12f4ae86cbde8d183f60cc9f299bdfb6d59b815d803e28fbfd3901823e83,NewListing
0x1DD5fBc5CE3E5E91578045Abe5485ded3CAF5a49,77299,0xbc2d6E7c81E7f35473b3594031FCC4c519fD24Ad,0,1,238000000000000,1743056299,1745734699,0xEeeeeEeeeEeEeeEeEeEeeEEEeeeeEeeeeeeeEEeE,ERC721,ACTIVE,False,25380000,239662,4960774,1743056299,0x79683dfca22915fe17024aa24c796b29d71e1f426656ec4cb724725da586b6e5,NewListing
0x529F71B8285ECbabF59359e9284E98AD05e683E7,77300,0xbc2d6E7c81E7f35473b3594031FCC4c519fD24Ad,1,17,15300000000000000000,1743056315,1743142715,0x2CAE934a1e84F693fbb78CA5ED3B0A6893259441,ERC721,ACTIVE,False,26160269,259623,4960782,1743056315,0x017209d3003c2163e69dccac169f4892512b31380f7cf7938af16d1322557a64,NewListing
0x1DD5fBc5CE3E5E91578045Abe5485ded3CAF5a49,77301,0xbc2d6E7c81E7f35473b3594031FCC4c519fD24Ad,0,1,238000000000000,1743056321,1745734721,0xEeeeeEeeeEeEeeEeEeEeeEEEeeeeEeeeeeeeEEeE,ERC721,ACTIVE,False,26010000,239662,4960785,1743056321,0x13f64458550abe8ecb45fddde3e2b3ee2fec6b018ba5a2ed082c83f8544df920,NewListing
0x9D3732727D5d56C2234264aB0154111EB91dD0CA,77302,0xbc2d6E7c81E7f35473b3594031FCC4c519fD24Ad,0,1,248900000000000,1743056339,1743142739,0xEeeeeEeeeEeEeeEeEeEeeEEEeeeeEeeeeeeeEEeE,ERC721,ACTIVE,False,26944792,239662,4960794,1743056339,0x1484ef48d6268f76855d53640e0faf68f81cb528440857f288d83b899b5558e1,NewListing
0x1DD5fBc5CE3E5E91578045Abe5485ded3CAF5a49,77303,0xbc2d6E7c81E7f35473b3594031FCC4c519fD24Ad,0,1,238000000000000,1743056353,1745734753,0xEeeeeEeeeEeEeeEeEeEeeEEEeeeeEeeeeeeeEEeE,ERC721,ACTIVE,False,26670000,239662,4960801,1743056353,0x7e6421cfddff2316a3de4a28033b7b7fa51f2df4d18dedf22ea13039c66c49ba,NewListing
