listing_creator,listing_id,asset_contract,token_id,buyer,quantity_bought,total_price_paid,gas_price,gas_used,block_number,timestamp,transaction_hash,event_type
0xdb375493854df4bc9c3C75bEC99A56b530B4B389,77486,0xbc2d6E7c81E7f35473b3594031FCC4c519fD24Ad,1,0x4d64da347486d1d0515a98b527c7730c6384c8e3,1,249900000000000,76296559,135778,4966081,1743066913,0xed4eb221ad6ed707a22cbc605618cc5f71f72ea2b08ed2e57f2bda14339c108f,NewSale
0xC0DEc165A5d6e6766Fbc35c977f89535899D0411,77661,0xbc2d6E7c81E7f35473b3594031FCC4c519fD24Ad,0,0xd8844b1661e8d7f22eb34feaee49b888be3f7f9b,1,249999970000000,76520000,142201,4966088,1743066927,0x8bba021909d62e8bcd2eda4567b779dde590958c148d54ca7417dc0bcff6f6ae,NewSale
0xC0DEc165A5d6e6766Fbc35c977f89535899D0411,77661,0xbc2d6E7c81E7f35473b3594031FCC4c519fD24Ad,0,0xd8844b1661e8d7f22eb34feaee49b888be3f7f9b,1,249999970000000,76270000,142201,4966101,1743066953,0x6cb05a20d45d8ab84094b48e972edd86eaf1e9d1811451ecd5de2fe82c32ca41,NewSale
0x4cC605E59e7f5D59942a4caA73C45A95cd055035,77514,0xbc2d6E7c81E7f35473b3594031FCC4c519fD24Ad,1,0x4d64da347486d1d0515a98b527c7730c6384c8e3,1,249900000000000,75637334,135778,4966124,1743066999,0x70ec872d15d08969c1d2745d42c2a45a53928697af7b6a497e9ac9d033b2d346,NewSale
0xc6F562AD72ac38D9e99e119141BcedB3e2a466E5,77492,0xbc2d6E7c81E7f35473b3594031FCC4c519fD24Ad,1,0xd24010d625c91938fd581251da3b070a88805aad,1,249900000000000,75651895,135778,4966128,1743067007,0xf8dd8861ef018c7c42e22966f8a1a91f933fe606a947b99263585a831c040a5d,NewSale
0xd0fF79B78778052D09f1cb811EB7e1Fd0510FFCF,77507,0xbc2d6E7c81E7f35473b3594031FCC4c519fD24Ad,1,0xd24010d625c91938fd581251da3b070a88805aad,1,249900000000000,75550135,135778,4966155,1743067061,0xc33790a5c4004bab8a5db935c3f9000fb8d895fff110ece63f9763628b93e597,NewSale
0xC0DEc165A5d6e6766Fbc35c977f89535899D0411,77663,0xbc2d6E7c81E7f35473b3594031FCC4c519fD24Ad,0,0x121b33dbe14d5334f506347ff957dfb7e853f10d,1,249999950000000,75360000,142201,4966181,1743067113,0x567ee2f008f021aefcf88b5f5da5eca71bd92ccb94788168da8123934b65b09b,NewSale
0x41f07238C5096Eb7eb68c50FE8AE5AdDECBBF5C2,73602,0xbFCACb23F0B41EeEDFf7d04f52CE8f5125150806,4,0x829325f88f4a5764b9422d3de7314603b05482a9,1,500000000000000,73990000,164783,4966213,1743067177,0x7467aa8e1c0e232d908f0abb5888651744c8e76c47627c953634181624cbc1e5,NewSale
0x33aecF59aCcD42F716169172893968DA1dbeBfa7,77536,0xbc2d6E7c81E7f35473b3594031FCC4c519fD24Ad,1,0x66f80a55ffd549309a5352202bdd11b96c72d6ed,1,249900000000000,102407778,135778,4966218,1743067187,0x20d39995daf49cd95fb26c248f69c324bb3a116de010cca44a7dc84a9f41711d,NewSale
0xC0DEc165A5d6e6766Fbc35c977f89535899D0411,77663,0xbc2d6E7c81E7f35473b3594031FCC4c519fD24Ad,0,0x9155a9099bb80d46530633b2e10e902af0e56039,1,249999950000000,72696009,142201,4966219,1743067189,0xf483665212ae874a741bea2719e29252db83ad55aad0af35761a6df3a8d752b3,NewSale
0x74a8E3065bf81933A4D6778291251f4D7Eb177BE,77683,0xbc2d6E7c81E7f35473b3594031FCC4c519fD24Ad,1,0xeffcea37b1006ad2d5aaff41ea130f68051111c1,1,330000000000000,72696009,157678,4966219,1743067189,0xcc625a52b46d2019adde3895363a2676a63f656932ca2dbd04fa2c946fb8c52e,NewSale
0xc428714E8a4488ecee500516B6Ae4037E69B3955,77548,0xbc2d6E7c81E7f35473b3594031FCC4c519fD24Ad,1,0x4d64da347486d1d0515a98b527c7730c6384c8e3,1,249900000000000,72219898,135778,4966234,1743067219,0x95bbac32087c0b0a59c931d2be1abb1914d734ff4ba7c9ceb73aee5d30502ecc,NewSale
0x23D0B3caD39BFDB2FD89D58055829BBA24d43092,76862,0xFC000E355ea1dC4A8B8e40B7A09d1fFf82596D7b,0,0x841576963b6a6822ef2d29b07458ea270abb0dc1,1,490000000000000,72012510,152874,4966239,1743067229,0x57260b57bd3c6fba2286feb7d494054905f816c9dcff1c6f737ccb6df6122ec1,NewSale
0x41f07238C5096Eb7eb68c50FE8AE5AdDECBBF5C2,73597,0xbFCACb23F0B41EeEDFf7d04f52CE8f5125150806,4,0x829325f88f4a5764b9422d3de7314603b05482a9,1,500000000000000,71230000,147683,4966275,1743067301,0xaae9932b2cf09cf0fce7ddb4e69bb6347602f91e0ae29f0b98fbc672e9d57ffb,NewSale
0x21AD0f2f49E4003e2dEbbCd77dC8ED800313CA8C,77693,0xbc2d6E7c81E7f35473b3594031FCC4c519fD24Ad,1,0xd69bd007d646c83bc40fd98e4d3b5380ea0ce095,1,249900000000000,70380000,152878,4966288,1743067327,0xd728fa9c4dd1f00a913fcd63b90ef76746af91eb7d15395e1a129810d1065f7f,NewSale
0x1bbB6F7669F8e35a4FBb71999550f06bA67020bD,77691,0xdc0F91C5a4D200FfC21658901c77c0fE1A14d199,0,0xe4f4baed82d30f2244fe1722aeda37def4b38ddc,1,400000000000000,69762232,162471,4966289,1743067329,0xb86dcc9b291492f31a6ae3d8a12e4eaa98076d8fe73c3491d0ff1693a45da192,NewSale
0x5B249A3BB23A032E3E282463FaF8d6F7F043bF4E,77526,0xbc2d6E7c81E7f35473b3594031FCC4c519fD24Ad,1,0x4d64da347486d1d0515a98b527c7730c6384c8e3,1,249900000000000,69472209,135778,4966293,1743067337,0x70d0ff863778049bce3290d3620e7bf702d259d2372fcf79303fd53c269dc92e,NewSale
0xccb472Cc87b4620a3F6024F1D584E4df2c216512,76552,0xbFCACb23F0B41EeEDFf7d04f52CE8f5125150806,1,0x829325f88f4a5764b9422d3de7314603b05482a9,1,520000000000000,69780000,162483,4966315,1743067381,0x652985c13345692022e5da3e21eea0ba923b57ab6243be9990aba33cca43a2c9,NewSale
0x2b837410750A9Cc316031fFCb9eBF6963Cd41287,77687,0xbc2d6E7c81E7f35473b3594031FCC4c519fD24Ad,1,0xd69bd007d646c83bc40fd98e4d3b5380ea0ce095,1,249900000000000,69700000,135778,4966317,1743067385,0xed4cb591d2c260dc9558a550adbcd32a1861d09f82fcd0a7963d90153649fef1,NewSale
0xeFA5fE8d45a87434361B3a1890cD3E2F2D88128C,77564,0xbc2d6E7c81E7f35473b3594031FCC4c519fD24Ad,1,0xd69bd007d646c83bc40fd98e4d3b5380ea0ce095,1,249900000000000,69540000,135778,4966337,1743067425,0xabcc41d7c66ab302c1e01897754a03ddd0596c4addf011010f855cd6652aee20,NewSale
0x34d376f5EB1DE544E7191bD6b1DD230A4d6a5266,77695,0xbc2d6E7c81E7f35473b3594031FCC4c519fD24Ad,1,0x700a023f22c4a4fbfdeed3d00b951ef8ea932be1,1,249900000000000,69530000,152878,4966347,1743067445,0x0228e4192da90246f326c3ea77549be791373a9b349b3fbfb79cc5bf9f2bffb7,NewSale
0x22ef20E98f4d76b2909C37061659BAF83CD5DFC0,77585,0xbc2d6E7c81E7f35473b3594031FCC4c519fD24Ad,1,0xd69bd007d646c83bc40fd98e4d3b5380ea0ce095,1,249900000000000,69370000,135778,4966372,1743067495,0x24ea04684a30fa0fdff4aeb6af93c74c1bbec70b801d5d992967cc72092022b7,NewSale
0xFe7C8580918989D35728d610422669B19D7eb2Cb,77560,0xbc2d6E7c81E7f35473b3594031FCC4c519fD24Ad,1,0xd0b6c1f13bb1691db1628d1c93e4ccb2de1d9e42,1,249900000000000,68989003,135778,4966385,1743067521,0x987fa09bcbdd46e4fbb6878cf9231c9c5218557169b9ddc8814fa3a722cfe397,NewSale
0x4f258BBaa16e9A1D9e45A92D2A738Eeee4c1246a,77519,0xbc2d6E7c81E7f35473b3594031FCC4c519fD24Ad,1,0x50d41fee16049e99a2375d6028adc03df371566f,1,249900000000000,69070000,152878,4966410,1743067571,0x1df4129c20e93746c49c1c7ff6e5b1b89e3279df7fe4529095fac5ea00e26cf8,NewSale
0xfEcc2e27BF175C2893598a28BB7b780B0B7b91Df,77582,0xbc2d6E7c81E7f35473b3594031FCC4c519fD24Ad,1,0xd69bd007d646c83bc40fd98e4d3b5380ea0ce095,1,249900000000000,68900000,135778,4966411,1743067573,0x2681a500e5bace0d79af09eea46a61e74bc24d2a4116a74c57730bff4df68a16,NewSale
0xE7389a2D3efdAA1ef330a4476f423c40Af362e39,77699,0x6EF07dE7778f607b8658e743bd42Ad4Db277d54C,28,0x121b33dbe14d5334f506347ff957dfb7e853f10d,1,33000000000000000000,68620000,180539,4966417,1743067585,0x1bf5e0814f447be253791fa748a1d129c026f9631ca83a36434fe70c5c899d12,NewSale
0xC7ca0852A641b74A3004876438A5b6635580d450,77704,0xbc2d6E7c81E7f35473b3594031FCC4c519fD24Ad,0,0xd69bd007d646c83bc40fd98e4d3b5380ea0ce095,1,200000000000000,68470000,140578,4966426,1743067603,0xb89b52e6dcfee90ee4719fa52839a0f835080db4ea0fba5a6989baf1b0214d7c,NewSale
0xC7F80b622BDc3507d33fFf523C6ad173869DcC8F,77586,0xbc2d6E7c81E7f35473b3594031FCC4c519fD24Ad,1,0x50d41fee16049e99a2375d6028adc03df371566f,1,249900000000000,68470000,135778,4966440,1743067631,0xcff5f80eafc75f4c8740518feed07b73396d406f1adced6b61cfb0775da6e334,NewSale
0x9852Cb23f7006EE3d6Ba93B007A4Eac65e3daBb1,77589,0xbc2d6E7c81E7f35473b3594031FCC4c519fD24Ad,1,0x50d41fee16049e99a2375d6028adc03df371566f,1,249900000000000,67810000,135778,4966466,1743067683,0xf09d231f420d57ccd131943ae3b7c9d4e05abf26c53910f09e9852615729c9e9,NewSale
0x967f7437469BC95cc42615F25Bf282f43C8ce1fc,76909,0xfca66A2eFC73E0B9f8f6fEA0f94687af82ba53C0,2,0xe4f4baed82d30f2244fe1722aeda37def4b38ddc,1,44000000000000000000,66540412,186930,4966471,1743067693,0xaeb7a9c70f959fe667f52552fb52899dabc6a54f193cfc84e9d06a09df8967e7,NewSale
0x8C4610fc505b4cf85b274A9a33AAde438f433E78,77692,0xbc2d6E7c81E7f35473b3594031FCC4c519fD24Ad,1,0x50d41fee16049e99a2375d6028adc03df371566f,1,249900000000000,67260000,135778,4966485,1743067721,0xe85cbeb069bddfac2c3d163892baf111820e9af7d78595e6aded2a410ad277d2,NewSale
0xbAa9672503be4067CCc6eBB08BEe52af3e0b3b4C,77701,0x2Bf46D4497e98FbA2304B0d2453922FFf559Ea02,31,0x121b33dbe14d5334f506347ff957dfb7e853f10d,1,770000000000000,66710000,186918,4966491,1743067733,0x5c6624d424f941d8f199c252032cc06ed9f17a26e06f777b5decfcc1b40565f1,NewSale
0xC0DEc165A5d6e6766Fbc35c977f89535899D0411,77663,0xbc2d6E7c81E7f35473b3594031FCC4c519fD24Ad,0,0x04a192bd2c4ad0b676a71302b828308551347a66,1,249999950000000,66510000,159301,4966498,1743067747,0x16c5e05b56ab296256653df0e3ef3324464a8abd938ff135a598aa264c4fdebf,NewSale
0x5F6bdAFa03A49810ef990B0d2BA9628569b080f5,77697,0xbc2d6E7c81E7f35473b3594031FCC4c519fD24Ad,1,0x50d41fee16049e99a2375d6028adc03df371566f,1,249900000000000,66740000,135778,4966499,1743067749,0xc2973446dc46a650024ec95685b3d3125c0ee7ef9c4c95fef85148e6e5b7d0bf,NewSale
0x5e7e86202e8c4aD46F24617afd2Cb67Cc7D60eE4,77702,0xbc2d6E7c81E7f35473b3594031FCC4c519fD24Ad,1,0xeffcea37b1006ad2d5aaff41ea130f68051111c1,1,249900000000000,65516071,135766,4966508,1743067767,0xcff16476219fcb0a9a8f5f3a56ec2865259927d35441d9246126092bfd5a7fab,NewSale
0x967f7437469BC95cc42615F25Bf282f43C8ce1fc,76911,0xfca66A2eFC73E0B9f8f6fEA0f94687af82ba53C0,1,0xe4f4baed82d30f2244fe1722aeda37def4b38ddc,1,44000000000000000000,65407661,186930,4966511,1743067773,0x5941556bc736fdb827a50738b4e20381b942fdd051faa7a0304a89a37603cca5,NewSale
0xC0DEc165A5d6e6766Fbc35c977f89535899D0411,77661,0xbc2d6E7c81E7f35473b3594031FCC4c519fD24Ad,0,0x04a192bd2c4ad0b676a71302b828308551347a66,1,249999970000000,65840000,142201,4966513,1743067777,0x94a123066de5fa5ce09ffbe6d235cb8eede1b54f4dcaa3b759720c7d1be44560,NewSale
0xa7495BDE258E27Eb4563f7C1EF260fE4564491b6,77696,0xbc2d6E7c81E7f35473b3594031FCC4c519fD24Ad,1,0xbdb4af96f8bf944e03b380a9df926ca19d91d971,1,249900000000000,65650000,152878,4966515,1743067781,0xce8fddabef4791d02419748feec33a1e92671b616cd77d52c334c70aabc8f140,NewSale
0x6308fa020479A838cc01E75d4E24161C550C439d,77690,0xbc2d6E7c81E7f35473b3594031FCC4c519fD24Ad,1,0x50d41fee16049e99a2375d6028adc03df371566f,1,249900000000000,66070000,135778,4966519,1743067789,0x24ecedb4009a81883d88e6f659a0fd214bcf72a909e80e3bd912bd230cb8d4f5,NewSale
0xC0DEc165A5d6e6766Fbc35c977f89535899D0411,74893,0xbc2d6E7c81E7f35473b3594031FCC4c519fD24Ad,0,0x04a192bd2c4ad0b676a71302b828308551347a66,1,249999990000000,65650000,142201,4966526,1743067803,0x1a813a4deb13452f869ecb973923f7b8f7527ebdf99e493163e2115c8f3e445d,NewSale
0xbd71557E7a6756595aBEfB0939314D7b7D931cA4,77700,0xbc2d6E7c81E7f35473b3594031FCC4c519fD24Ad,1,0xeffcea37b1006ad2d5aaff41ea130f68051111c1,1,249900000000000,65394987,135766,4966527,1743067805,0x0a59506a5a55c3e69afa1e8c4c66f1c79c5a95cdaad137b8dd983ac7ce419573,NewSale
0xbAa9672503be4067CCc6eBB08BEe52af3e0b3b4C,77358,0x2Bf46D4497e98FbA2304B0d2453922FFf559Ea02,56,0x66f80a55ffd549309a5352202bdd11b96c72d6ed,1,570000000000000,102407778,147683,4966528,1743067807,0xae4cedc0eca45261314c628969e1b154b7fb7f90926931e2821fd2e39d074562,NewSale
0x4bE90E6d1eF86c85aA2e75a5c156ee071E306C08,77707,0xbc2d6E7c81E7f35473b3594031FCC4c519fD24Ad,1,0x50d41fee16049e99a2375d6028adc03df371566f,1,249900000000000,65730000,135778,4966553,1743067857,0x4b2d7ffa0970d3d8039b4192a1087c5c9c910d14ea6ab1088688b31adaa72e93,NewSale
0xeF0Ef28b882d166B732d00A01Ea762B9CCd3FE44,77715,0xbc2d6E7c81E7f35473b3594031FCC4c519fD24Ad,1,0x50d41fee16049e99a2375d6028adc03df371566f,1,245000000000000,65450000,142189,4966569,1743067889,0x2c00eb2b20409c0396aed2fb150cbdc41b96df9328c99fa607271737fabc6c4f,NewSale
0xeF0Ef28b882d166B732d00A01Ea762B9CCd3FE44,77715,0xbc2d6E7c81E7f35473b3594031FCC4c519fD24Ad,1,0x50d41fee16049e99a2375d6028adc03df371566f,1,245000000000000,65370000,142189,4966583,1743067917,0x755b3685d0d3edec9ca25dd59a4302f4710162220612a102a4c07a44642f7f8a,NewSale
0xeF0Ef28b882d166B732d00A01Ea762B9CCd3FE44,77715,0xbc2d6E7c81E7f35473b3594031FCC4c519fD24Ad,1,0xeffcea37b1006ad2d5aaff41ea130f68051111c1,1,245000000000000,64700629,142177,4966591,1743067933,0xe375b034bb4f79b0bd353978af4d1d54d8d8e790219cc45f8ecdc7a0fdb148fd,NewSale
0xeF0Ef28b882d166B732d00A01Ea762B9CCd3FE44,77715,0xbc2d6E7c81E7f35473b3594031FCC4c519fD24Ad,1,0x121b33dbe14d5334f506347ff957dfb7e853f10d,1,245000000000000,64600000,142189,4966630,1743068011,0xd520269f6f806e526c41d963b56dc5ae8376f3e61553b1f38c8f7f759e349f8c,NewSale
0xC0DEc165A5d6e6766Fbc35c977f89535899D0411,77662,0xbc2d6E7c81E7f35473b3594031FCC4c519fD24Ad,0,0x30587e5e7f4a7335c4e020acb3518a5dde52b742,1,249999960000000,64068407,142189,4966648,1743068047,0x2416867a195ec894ddbb3ce1b154dd85a476f5543baf755e5ed9e3246b39aeaf,NewSale
0x547Fb2BEb9C2D71BF8B6f61B9c77b13BBDc4e8E0,77719,0xbc2d6E7c81E7f35473b3594031FCC4c519fD24Ad,1,0xeffcea37b1006ad2d5aaff41ea130f68051111c1,1,249900000000000,63791665,135766,4966653,1743068057,0xd8ccf5b5f1a2f37345c2104d4dd5598555bc4276ec44e0cbf458eada09faac1a,NewSale
0xE4f4BaEd82d30f2244fE1722aeda37dEF4B38Ddc,77703,0xdc0F91C5a4D200FfC21658901c77c0fE1A14d199,0,0x6c4fba302d1d16b76ce8f7c29012a1e781dd8305,1,620000000000000,63940000,145383,4966687,1743068125,0x4c2266163c9c11ff35a2e1497a38cba4b1ac4ca9e2c1dadbfab413a5c8905a86,NewSale
0x9ecA62ADe53Ffe70A5F467620F19366B4Cc701DD,77722,0xbc2d6E7c81E7f35473b3594031FCC4c519fD24Ad,0,0x121b33dbe14d5334f506347ff957dfb7e853f10d,1,240000000000000,63440000,135766,4966717,1743068185,0x03f117c881c61c207e99fd205cd6a752859bedaf08316accd3cbd554da23acb8,NewSale
0x29a47B79a808A425409C4B21aD5EcDCaa358f72b,77730,0xbc2d6E7c81E7f35473b3594031FCC4c519fD24Ad,1,0x9155a9099bb80d46530633b2e10e902af0e56039,1,249900000000000,62939044,152878,4966734,1743068219,0x24d15cdfa552e37e645b3c79082e8037b8e173987897a962c06e3bf06f0af7c7,NewSale
0xC0DEc165A5d6e6766Fbc35c977f89535899D0411,77659,0xbc2d6E7c81E7f35473b3594031FCC4c519fD24Ad,0,0xbdb4af96f8bf944e03b380a9df926ca19d91d971,1,249999980000000,63340000,142177,4966771,1743068293,0x77b3f165501489f8d15a7182e711241c4b6db35a85fc9366ad295a1645109e11,NewSale
0x0d10a41CB8cf5FEEB00be965f373c7517A57d93C,77735,0x02e21A25F0038fa5BDEe9c0b77aC0c1E84d3d6f0,1912,0xbaa9672503be4067ccc6ebb08bee52af3e0b3b4c,1,190000000000000,61284727,138146,4966786,1743068323,0x9adf47a88dcc8a64452d6e499c83c000ec916b4a8551d5a8589a910ea2b1c9b4,NewSale
0xC0DEc165A5d6e6766Fbc35c977f89535899D0411,74777,0xbc2d6E7c81E7f35473b3594031FCC4c519fD24Ad,0,0x9155a9099bb80d46530633b2e10e902af0e56039,1,259999990000000,60435813,142201,4966831,1743068413,0xde6d61f76fd9b691a0143e7582cb1b354e16040b85d4173f64becfd2ea8b6fc7,NewSale
0xC0DEc165A5d6e6766Fbc35c977f89535899D0411,77659,0xbc2d6E7c81E7f35473b3594031FCC4c519fD24Ad,0,0xbdb4af96f8bf944e03b380a9df926ca19d91d971,1,249999980000000,60330000,142177,4966859,1743068469,0xdcdec6d7887cb25978409db3f2ca05cd37898b5bd59d044e5430a92b287f0a23,NewSale
0x0d10a41CB8cf5FEEB00be965f373c7517A57d93C,77744,0x02e21A25F0038fa5BDEe9c0b77aC0c1E84d3d6f0,1913,0x121b33dbe14d5334f506347ff957dfb7e853f10d,1,190000000000000,59120000,155246,4966871,1743068493,0xf7a153882294f3e987aaf4cc543efc78e854b69f77cd808ff539355a5bb85adb,NewSale
0x1602E644d80036EE566E7893BCE6009FE63dB47a,77554,0xbc2d6E7c81E7f35473b3594031FCC4c519fD24Ad,1,0xbdb4af96f8bf944e03b380a9df926ca19d91d971,1,250000000000000,57400000,135778,4966920,1743068591,0xa2a215ad46e0b72c1c7e081bea71d8f10870b042beda6b80afa5b6149bd68860,NewSale
0xC0DEc165A5d6e6766Fbc35c977f89535899D0411,77663,0xbc2d6E7c81E7f35473b3594031FCC4c519fD24Ad,0,0x04a192bd2c4ad0b676a71302b828308551347a66,1,249999950000000,57090000,142201,4966934,1743068619,0xfe161a89aef84138e3a6a75fb22acb988d8242834b25f27cf09b9e8acba3a2e2,NewSale
0x2e205ebEa4B8e1d6Cdf8B808053780f76a0531Ca,77721,0xbc2d6E7c81E7f35473b3594031FCC4c519fD24Ad,1,0x9155a9099bb80d46530633b2e10e902af0e56039,1,239980000000000,55947186,142189,4966955,1743068661,0xa80724636dec4b3ff2a204008308fb62a34956026d38419d561ce95d6e752e76,NewSale
0xC0DEc165A5d6e6766Fbc35c977f89535899D0411,77662,0xbc2d6E7c81E7f35473b3594031FCC4c519fD24Ad,0,0x04a192bd2c4ad0b676a71302b828308551347a66,1,249999960000000,56370000,142189,4966956,1743068663,0xf070f2c8990a2c3ddfee80bc80cda7555df9ac3c5f2b22d53868fb8f1d64f48c,NewSale
0xC0DEc165A5d6e6766Fbc35c977f89535899D0411,74786,0xbc2d6E7c81E7f35473b3594031FCC4c519fD24Ad,0,0xbdb4af96f8bf944e03b380a9df926ca19d91d971,1,265000000000000,56370000,142189,4966973,1743068697,0x56640e5f45602390ef240ca57ffb6c9e86c5e92f25372a34c0abb9c2ea936834,NewSale
0x2e205ebEa4B8e1d6Cdf8B808053780f76a0531Ca,77721,0xbc2d6E7c81E7f35473b3594031FCC4c519fD24Ad,1,0x9155a9099bb80d46530633b2e10e902af0e56039,1,239980000000000,55317224,142189,4966990,1743068731,0xadfb01ef929ea8fa44d0e4a2e260bd993c364ecc2372a51be2937c279700557d,NewSale
0x2e205ebEa4B8e1d6Cdf8B808053780f76a0531Ca,77721,0xbc2d6E7c81E7f35473b3594031FCC4c519fD24Ad,1,0x9155a9099bb80d46530633b2e10e902af0e56039,1,239980000000000,54522747,142189,4967023,1743068797,0x6e9660b2d8a3be82949136ed092d8daf973f703c32c1bc43ee219d2ffa3f9cc7,NewSale
0x33C3aC6DbDb8639Ac81608B9B1A3fa3d5a0965ed,77751,0xbc2d6E7c81E7f35473b3594031FCC4c519fD24Ad,1,0xb92c55db9f5edd46423980fbe7fdb9948faf5b57,1,249900000000000,54322665,152878,4967026,1743068803,0x87fe8e3afd179998b3dac03fe509e68775811e82883f87db4f014647d06dfffd,NewSale
0x0d10a41CB8cf5FEEB00be965f373c7517A57d93C,77753,0x02e21A25F0038fa5BDEe9c0b77aC0c1E84d3d6f0,1914,0x121b33dbe14d5334f506347ff957dfb7e853f10d,1,190000000000000,54610000,138146,4967035,1743068821,0xcf9443cabf70b37023fed899132c3d66fcdf2681b04327a2433d5249baba29a8,NewSale
0x77097770B0C9Fb322704dAd5b0bd18eDBa9b1Eae,74554,0xbc2d6E7c81E7f35473b3594031FCC4c519fD24Ad,0,0xbdb4af96f8bf944e03b380a9df926ca19d91d971,1,286000000000000,54590000,140590,4967043,1743068837,0x8d349d2b45e608a4fa828a52ceaa09b331ab6f5bcf51de22caf468c75a293e39,NewSale
0x5bcb6B3459349B1f06227ba7ac56A800E991d115,77733,0xbc2d6E7c81E7f35473b3594031FCC4c519fD24Ad,1,0xbdb4af96f8bf944e03b380a9df926ca19d91d971,1,249900000000000,54470000,135778,4967090,1743068931,0xf2b093bcd7474fff42a5e55fa888da90fd95ce06822eec27474c5d508498e912,NewSale
0x2e205ebEa4B8e1d6Cdf8B808053780f76a0531Ca,77721,0xbc2d6E7c81E7f35473b3594031FCC4c519fD24Ad,1,0x9155a9099bb80d46530633b2e10e902af0e56039,1,239980000000000,53678405,142189,4967092,1743068935,0x7d8f7b2737f8870c3a937d4b35971b7bc39938584fb629568706eaa9706039f3,NewSale
0x2e205ebEa4B8e1d6Cdf8B808053780f76a0531Ca,77721,0xbc2d6E7c81E7f35473b3594031FCC4c519fD24Ad,1,0x765868d902a54e9a58ed1b67801ef92cc491e6de,1,239980000000000,53430000,142189,4967134,1743069019,0x2d0fcb951c0b2a967b5f9b8b919b1c49a88a4eec4a08e750b9302f6056349fb4,NewSale
0x2e205ebEa4B8e1d6Cdf8B808053780f76a0531Ca,77721,0xbc2d6E7c81E7f35473b3594031FCC4c519fD24Ad,1,0x765868d902a54e9a58ed1b67801ef92cc491e6de,1,239980000000000,53060000,142189,4967172,1743069095,0x762a62eb220166b3e652fb3d4c094b48702d70e9b8b038098d422b4ee5bda7b8,NewSale
0xC0DEc165A5d6e6766Fbc35c977f89535899D0411,77662,0xbc2d6E7c81E7f35473b3594031FCC4c519fD24Ad,0,0x04a192bd2c4ad0b676a71302b828308551347a66,1,249999960000000,53950000,142189,4967216,1743069183,0x11f9250498798d4601529bc8c66e5332e2a5fdfa160d8461b8a69c63a6680170,NewSale
0x85Fdb789bC917BF87911EcdC9621A27F60d768D1,77768,0xbc2d6E7c81E7f35473b3594031FCC4c519fD24Ad,1,0xb92c55db9f5edd46423980fbe7fdb9948faf5b57,1,249900000000000,49422371,135778,4967342,1743069435,0xc6985ffd6e3db4656e18286b2611f33aaea44d5b4acb9840644d8f805266f35a,NewSale
0x04a192Bd2c4Ad0B676a71302b828308551347A66,77774,0xbc2d6E7c81E7f35473b3594031FCC4c519fD24Ad,0,0xc682f0596209c2b06e52c473c1fd45ed68018eb2,1,200000000000000,46943120,140578,4967474,1743069699,0x07acb09b825c9cbd5a8c9e1a2b71fa9bf6dc876934ddab6771fa56bf69efdef9,NewSale
0x13da30997B2dfF7d99b820e6a8fc371080577520,75520,0xFC000E355ea1dC4A8B8e40B7A09d1fFf82596D7b,0,0xd0b6c1f13bb1691db1628d1c93e4ccb2de1d9e42,1,500000000000000,45669738,157662,4967487,1743069725,0x7364726560f3db45f2b96133356e3458fbac476a83bfabc671c3a700e7ee482e,NewSale
0xeF0Ef28b882d166B732d00A01Ea762B9CCd3FE44,77757,0xbc2d6E7c81E7f35473b3594031FCC4c519fD24Ad,1,0x2631e0384b8bcaa848d77777f166249363fffb26,1,234800000000000,46810000,159289,4967490,1743069731,0xec05bce477e78c01ed3e0e54ad5904a533b86e08399e27dbe8c2ab15cd592c04,NewSale
0x5882B6553139fa7FC69Ea119920e637431Ca2AA7,77772,0xbc2d6E7c81E7f35473b3594031FCC4c519fD24Ad,1,0x9155a9099bb80d46530633b2e10e902af0e56039,1,249900000000000,44901130,135778,4967514,1743069779,0x5e97f7db4218d46a37113c143acfb690c21ce1b32389a525047c2ce189610b17,NewSale
0x04a192Bd2c4Ad0B676a71302b828308551347A66,77769,0xbc2d6E7c81E7f35473b3594031FCC4c519fD24Ad,0,0xb92c55db9f5edd46423980fbe7fdb9948faf5b57,1,239000000000000,44764052,140578,4967582,1743069915,0xe4e69aca075badf60ec876f133172a4b15b2a01aebce34053be8b47f87532959,NewSale
0xcCfcf19d9BF2c1032f2079A002C930066DeA13A5,77357,0xbc2d6E7c81E7f35473b3594031FCC4c519fD24Ad,0,0xd0b6c1f13bb1691db1628d1c93e4ccb2de1d9e42,1,251000000000000,45925709,157678,4967661,1743070073,0x70e68ebb4c9d8e70c2f25d5f2af7c322b61c020ef46d60c5675f6542efb0d28e,NewSale
0xf0D2f476A1229063D45f5f90f4ae63856bc904bd,77760,0xbc2d6E7c81E7f35473b3594031FCC4c519fD24Ad,0,0xa76123aedf99d850d355c2e57088401d3c15f55f,1,200000000000000,46307927,157678,4967676,1743070103,0xf5f84e1825875ac5cfcebfbfb27574e62b8a5228fc4007a6a9390c9d9c4c9b81,NewSale
0x3Be761EE2fF48242992e985963bb21dDECb055Fe,77790,0xbc2d6E7c81E7f35473b3594031FCC4c519fD24Ad,0,0xa76123aedf99d850d355c2e57088401d3c15f55f,1,200000000000000,46691487,140578,4967700,1743070151,0x843c9547a286e2a65db28085cc6d59193ad44474755cc6b87a0dc38b58113f99,NewSale
0x3Be761EE2fF48242992e985963bb21dDECb055Fe,77791,0xbc2d6E7c81E7f35473b3594031FCC4c519fD24Ad,1,0x9155a9099bb80d46530633b2e10e902af0e56039,1,200000000000000,46750639,135778,4967701,1743070153,0x11658e256678ff197a806193aec130a4dfc4c91de10e7b75c0779779c779deef,NewSale
0x3Be761EE2fF48242992e985963bb21dDECb055Fe,77792,0xbc2d6E7c81E7f35473b3594031FCC4c519fD24Ad,0,0xa76123aedf99d850d355c2e57088401d3c15f55f,1,200000000000000,46692754,140578,4967716,1743070183,0xfbc5d91f6e0da24b4b6bd0ecbe97f58454588743fd04dde5860586ea2f059c3d,NewSale
0x3Be761EE2fF48242992e985963bb21dDECb055Fe,77794,0xbc2d6E7c81E7f35473b3594031FCC4c519fD24Ad,0,0xa76123aedf99d850d355c2e57088401d3c15f55f,1,200000000000000,46915272,140578,4967733,1743070217,0x8c9c39248ca697a64b2c4d36c4ee2395e994bd90fbc12499e42c147f69585adb,NewSale
0x67de23507e1e6fF83110De7bd3a9D991183663b6,77765,0xbc2d6E7c81E7f35473b3594031FCC4c519fD24Ad,1,0xb92c55db9f5edd46423980fbe7fdb9948faf5b57,1,249900000000000,47190093,135778,4967743,1743070237,0x57608d9328276a268148a3043fa9b7335431e2aab61c848d42a4b61bbbc11162,NewSale
0x3Be761EE2fF48242992e985963bb21dDECb055Fe,77795,0xbc2d6E7c81E7f35473b3594031FCC4c519fD24Ad,0,0xa76123aedf99d850d355c2e57088401d3c15f55f,1,200000000000000,47292089,140578,4967752,1743070255,0xd620950c6c934edba251a09720b0d20e07ff9c40845747e9e79bbe9ad7cc82b4,NewSale
0x04a192Bd2c4Ad0B676a71302b828308551347A66,77770,0xbc2d6E7c81E7f35473b3594031FCC4c519fD24Ad,0,0x9df6ecd37c53c7f7db799c1598d6728304b9976e,1,223800000000000,56480000,157678,4967758,1743070267,0xde099f60aef705221442df05ad5379516f68f4ed74e51e9cef4b6582e7970f3e,NewSale
0xC682f0596209C2B06E52C473C1fD45eD68018eB2,77796,0xbc2d6E7c81E7f35473b3594031FCC4c519fD24Ad,0,0xa76123aedf99d850d355c2e57088401d3c15f55f,1,200000000000000,47763841,140578,4967770,1743070291,0xccfc8a192d78f537a6b8d026057a1e82ecff1755d5787de116666511dfe16987,NewSale
0x3Be761EE2fF48242992e985963bb21dDECb055Fe,77797,0xbc2d6E7c81E7f35473b3594031FCC4c519fD24Ad,0,0xa76123aedf99d850d355c2e57088401d3c15f55f,1,200000000000000,48683042,140578,4967803,1743070357,0xdcf9fd6590eb826b4b43fed3d8173d45dae87f8431b1cd58fa3aa7fbb2608cb4,NewSale
0xE4f4BaEd82d30f2244fE1722aeda37dEF4B38Ddc,77787,0xdc0F91C5a4D200FfC21658901c77c0fE1A14d199,0,0x04e40ee3306f729038cefe1fd9a253b9860039ad,1,629000000000000,50250000,145371,4967897,1743070545,0x7fb6a9f9473b539913ca820a7ad582d865ef4ede30e5a9c7901fa5e8f095bee3,NewSale
0xa153b13b05744Dd33311565005589bD31a13cb8c,77678,0xdc0F91C5a4D200FfC21658901c77c0fE1A14d199,0,0xab849ee842309d03801693564b956598be920786,1,630000000000000,46791112,150183,4967967,1743070685,0xbf96b6a415a4ec888142cacc84c69899c2d1b82177d026ca9340739f7aeb5cc6,NewSale
0x3Be761EE2fF48242992e985963bb21dDECb055Fe,77798,0xbc2d6E7c81E7f35473b3594031FCC4c519fD24Ad,0,0xd0b6c1f13bb1691db1628d1c93e4ccb2de1d9e42,1,200000000000000,45199563,135778,4968010,1743070771,0x84de6be0835393b0eff097e69cb6e03a031454477da1fad6ef50a47b0c685ae7,NewSale
0xf3fc7730BF75975A916428d69DD20FBe35A20fc9,77804,0xbc2d6E7c81E7f35473b3594031FCC4c519fD24Ad,0,0xb92c55db9f5edd46423980fbe7fdb9948faf5b57,1,269999999990000,45199563,135790,4968010,1743070771,0xa8fb30bf2bd74daea68373060b7c1e32ecfc8ea1039f3019bd50650534a03ade,NewSale
0x04e40eE3306F729038cEFe1fD9A253b9860039AD,77810,0xdc0F91C5a4D200FfC21658901c77c0fE1A14d199,0,0xf17c9ab60e7f97a8a4857a78786d0997a9a651dc,1,610000000000000,45460000,150183,4968024,1743070799,0xf02590fa0cc7534b2b6db725dd44e68c64f7d0c0077badd96cf905a7362552af,NewSale
0x919C6C8b425A1bDc9634d2abF38664d0cAB50c70,77800,0xbc2d6E7c81E7f35473b3594031FCC4c519fD24Ad,0,0xb92c55db9f5edd46423980fbe7fdb9948faf5b57,1,210000000000000,44222640,135778,4968044,1743070839,0x959b357ef95adb4c03c81533dff2a4a242cbdc52c95c0898ab0060eaadf8cc7b,NewSale
0x5D2c14C32C0D79A8d194Ce97d456a94D0523056e,77789,0xbc2d6E7c81E7f35473b3594031FCC4c519fD24Ad,1,0xb92c55db9f5edd46423980fbe7fdb9948faf5b57,1,249900000000000,43052739,135778,4968102,1743070955,0x510e4f81a46ab4e6c0885429f58c91b0c2a96684d22820c0e51ac1421d16c036,NewSale
0xefFcEa37B1006aD2d5aaff41EA130F68051111C1,77779,0xbc2d6E7c81E7f35473b3594031FCC4c519fD24Ad,1,0xd0b6c1f13bb1691db1628d1c93e4ccb2de1d9e42,1,230000000000000,43553819,140578,4968177,1743071105,0x15a3a79b6897f40ec8cac4e7126dfc4804db8c440e72574c7a748014c4e59daa,NewSale
0xA925650e051423e3811400A9479D3E8D56f9A4fa,77816,0xbc2d6E7c81E7f35473b3594031FCC4c519fD24Ad,0,0x161324631c0fa0af5de534e43beb1de3ba90128a,1,1000000000000000000,47650000,180543,4968310,1743071371,0x23bc39b5b178b1114dc0a4b9f82afd2fd95f0021dd53ac701ad36b22736fbd5c,NewSale
0xbc9e5e5C5044aD52C5e8BCa1B810FC5570c55fD3,68312,0x3C64026f79C997E422d84ACf7c318C28c73DDAaA,23,0xbaa9672503be4067ccc6ebb08bee52af3e0b3b4c,1,42000000000000000000,48307253,186930,4968322,1743071395,0x9bea0551fd4a27bc4308c9ba30923b48d0fa7f15e0792b3bc6b9d798dd0c2c45,NewSale
0x04a192Bd2c4Ad0B676a71302b828308551347A66,77773,0xbc2d6E7c81E7f35473b3594031FCC4c519fD24Ad,0,0xd0b6c1f13bb1691db1628d1c93e4ccb2de1d9e42,1,233000000000000,48934745,140578,4968335,1743071421,0xad7ac8843fb14728c6ecc92e08369d624be61f29ae7ebd7cbaf75c78688b5d52,NewSale
0xA925650e051423e3811400A9479D3E8D56f9A4fa,77818,0xbc2d6E7c81E7f35473b3594031FCC4c519fD24Ad,0,0x161324631c0fa0af5de534e43beb1de3ba90128a,1,1000000000000000000,48640000,163443,4968339,1743071429,0x0c6a35644aa6dbf17a236e0dd49eaa5c4a7aeb2901bbc041cefe183f29da7cc1,NewSale
0xbc9e5e5C5044aD52C5e8BCa1B810FC5570c55fD3,59186,0x3C64026f79C997E422d84ACf7c318C28c73DDAaA,13,0xbaa9672503be4067ccc6ebb08bee52af3e0b3b4c,1,42000000000000000000,49816637,186918,4968365,1743071481,0x3e24862371924c27cf30f8b71af7335fe8b229be042ddffca334e6aa71a83a06,NewSale
0xA925650e051423e3811400A9479D3E8D56f9A4fa,77820,0xbc2d6E7c81E7f35473b3594031FCC4c519fD24Ad,0,0x161324631c0fa0af5de534e43beb1de3ba90128a,1,1000000000000000000,49770000,163443,4968369,1743071489,0x56ea54e26da9f846194bfb7c6150c309adabb7422755f3625685b18088ffa62a,NewSale
0xA925650e051423e3811400A9479D3E8D56f9A4fa,77821,0xbc2d6E7c81E7f35473b3594031FCC4c519fD24Ad,0,0x161324631c0fa0af5de534e43beb1de3ba90128a,1,1000000000000000000,50300000,158643,4968397,1743071545,0xd60ca503b22655ec35a1dfa98858459a4e281b5934b8d7d0b3a76869661480a4,NewSale
0xeF0Ef28b882d166B732d00A01Ea762B9CCd3FE44,77757,0xbc2d6E7c81E7f35473b3594031FCC4c519fD24Ad,1,0x2631e0384b8bcaa848d77777f166249363fffb26,1,234800000000000,49970000,142189,4968458,1743071667,0xc51b810362afa05afe634c4d8dd32406131e3255f43bc34f72db1d07aca0d654,NewSale
0xefFcEa37B1006aD2d5aaff41EA130F68051111C1,77784,0xbc2d6E7c81E7f35473b3594031FCC4c519fD24Ad,1,0xd0b6c1f13bb1691db1628d1c93e4ccb2de1d9e42,1,230000000000000,48648021,140578,4968472,1743071695,0x7c3585197a8909f74483a6d4313a0783d888f1fd5ba4e5f086fe9656d1ca7c06,NewSale
0xeF0Ef28b882d166B732d00A01Ea762B9CCd3FE44,77757,0xbc2d6E7c81E7f35473b3594031FCC4c519fD24Ad,1,0x2631e0384b8bcaa848d77777f166249363fffb26,1,234800000000000,48870000,142189,4968487,1743071725,0x32c9b366b9e68c35b13518e097bec048c5365ace673e0ba5148e43d1925e9923,NewSale
0xeF0Ef28b882d166B732d00A01Ea762B9CCd3FE44,77757,0xbc2d6E7c81E7f35473b3594031FCC4c519fD24Ad,1,0x2631e0384b8bcaa848d77777f166249363fffb26,1,234800000000000,50960000,142189,4968520,1743071791,0x9250d4c052b9f4b114b06bcdd271ab800d2bd49e973465d2a44b34972e677c2a,NewSale
0x6B096c7B6B245306d18Be6e40Cbb8bacd66e689c,77813,0xbc2d6E7c81E7f35473b3594031FCC4c519fD24Ad,1,0xf36e8b2f94bccc05beee8bc3a2ef0ca744d62f34,1,200000000000000,45579461,157678,4968541,1743071833,0xfce368526d9f4a71be4e8abf2530e1d19a1981e648432d28092d198e5d8685a5,NewSale
0xeF0Ef28b882d166B732d00A01Ea762B9CCd3FE44,77757,0xbc2d6E7c81E7f35473b3594031FCC4c519fD24Ad,1,0x2631e0384b8bcaa848d77777f166249363fffb26,1,234800000000000,49890000,142189,4968551,1743071853,0xd5e4699cda4e05dc1adbe040fa316b570f1949007bdaff40b3c8f2b992fb30bf,NewSale
0xA76123AeDF99d850d355c2e57088401D3C15F55F,77809,0xbc2d6E7c81E7f35473b3594031FCC4c519fD24Ad,0,0x841576963b6a6822ef2d29b07458ea270abb0dc1,1,200000000000000,44675780,140578,4968564,1743071879,0xea2da8fbbc811e62a0ffca4f18fdd526890d8abf5e7df0f8f20ed6ccc55e1b72,NewSale
0xDA0A735Dd9c13183129d1F8Fa8b590e5dF02f0C4,77726,0xbc2d6E7c81E7f35473b3594031FCC4c519fD24Ad,1,0xc41f57259d2d1fb202d503a8134b74fd623306ac,1,249900000000000,44515950,152878,4968566,1743071883,0x3165ecd40b43112190d1fb748363f24795b7b2b0466003c0909b450be9d90e6e,NewSale
0xeF0Ef28b882d166B732d00A01Ea762B9CCd3FE44,77757,0xbc2d6E7c81E7f35473b3594031FCC4c519fD24Ad,1,0x2631e0384b8bcaa848d77777f166249363fffb26,1,234800000000000,46190000,142189,4968576,1743071903,0x5f87af8c0e955cfd241ef1710198152b5ec244417a645e25862e0a376a67c8ce,NewSale
0xC0DEc165A5d6e6766Fbc35c977f89535899D0411,77663,0xbc2d6E7c81E7f35473b3594031FCC4c519fD24Ad,0,0xc41f57259d2d1fb202d503a8134b74fd623306ac,1,249999950000000,43844897,142201,4968592,1743071935,0x8ff69ca963549ddf174b4c96c30dc99c1e1ba707cc97113ae0d12c448780a557,NewSale
0xeF0Ef28b882d166B732d00A01Ea762B9CCd3FE44,77757,0xbc2d6E7c81E7f35473b3594031FCC4c519fD24Ad,1,0x2631e0384b8bcaa848d77777f166249363fffb26,1,234800000000000,44470000,142189,4968621,1743071993,0x766aebea6266e0885381600ef9d4c427e9185166512525b896de946885b9f235,NewSale
0xbfBcA9b9229e9050cFc7a88ef87177d7DEb0802B,75394,0xbc2d6E7c81E7f35473b3594031FCC4c519fD24Ad,0,0xc41f57259d2d1fb202d503a8134b74fd623306ac,1,280000000000000,43581076,140578,4968621,1743071993,0x95a0ebca69039f58355cbe6027fe8878900fd6047fb6e9f195058bfbc5d4cca0,NewSale
0xeF0Ef28b882d166B732d00A01Ea762B9CCd3FE44,77757,0xbc2d6E7c81E7f35473b3594031FCC4c519fD24Ad,1,0x2631e0384b8bcaa848d77777f166249363fffb26,1,234800000000000,44470000,142189,4968641,1743072033,0x2a1734c16ff20be3834bfbfb711a6183642a534f3b4fc0660cd451f357bad218,NewSale
0x50471E803a2E67a0cfc7ae7D42f291722DF4A418,77786,0xbc2d6E7c81E7f35473b3594031FCC4c519fD24Ad,1,0xc41f57259d2d1fb202d503a8134b74fd623306ac,1,249900000000000,43939642,135778,4968655,1743072061,0xe6fbd6b4318f91ff94bbaf84a93feba7d3679c386fe88e98181fe0aaf5874b59,NewSale
0x33FD8e88a74Fec2E8ffA23916b47A8b03806A85B,77822,0xbc2d6E7c81E7f35473b3594031FCC4c519fD24Ad,0,0x795a5a6ed365111a62b0d8db7125d8ff95ba0310,1,230000000000000,52570000,140578,4968666,1743072083,0x454267fd69bef17517feb4553599ba3e053de0c6632ac63a73934f4eb9383143,NewSale
0xeF0Ef28b882d166B732d00A01Ea762B9CCd3FE44,77757,0xbc2d6E7c81E7f35473b3594031FCC4c519fD24Ad,1,0x2631e0384b8bcaa848d77777f166249363fffb26,1,234800000000000,45200000,142189,4968678,1743072107,0xee4d1f94fb1c03d08ea12a26462b25c1fc98a902a0a4bea1e221a6a3d8292d5a,NewSale
0x30587E5e7f4A7335C4e020aCb3518A5DdE52b742,77745,0xbc2d6E7c81E7f35473b3594031FCC4c519fD24Ad,0,0x2276375f92c406ba0fb0250d4439110e13e2281e,1,1000000000000000,44293589,157690,4968678,1743072107,0x556b9d991fb1180eaf7c6e2ad67b5bb7c364b45545f162590bc9024961238c6a,NewSale
0x47B5B572e9b8068B2A5D806a999ADF24D52D30bA,77754,0xbc2d6E7c81E7f35473b3594031FCC4c519fD24Ad,1,0xc41f57259d2d1fb202d503a8134b74fd623306ac,1,249900000000000,44862338,135778,4968691,1743072133,0xbb265637dfcd01ad4dfc500fa7bb54fdab2f1b6b77274ba3706a2e2ebb74f2ed,NewSale
0xeF0Ef28b882d166B732d00A01Ea762B9CCd3FE44,77757,0xbc2d6E7c81E7f35473b3594031FCC4c519fD24Ad,1,0x795a5a6ed365111a62b0d8db7125d8ff95ba0310,1,234800000000000,53440000,157678,4968701,1743072153,0x0e43187ef8f865e0f32829f7997fe05769253cadbd5115f4c35957da5710c589,NewSale
0x04a192Bd2c4Ad0B676a71302b828308551347A66,77771,0xbc2d6E7c81E7f35473b3594031FCC4c519fD24Ad,0,0x795a5a6ed365111a62b0d8db7125d8ff95ba0310,1,235000000000000,54030000,140578,4968714,1743072179,0xbbd105b3ca51c41e0d38b93d6a2e8aea0fff5abc39404ca62164785ca97602df,NewSale
0xEc246542745C8d726d5e458e88EFa80503B7831a,77741,0xbc2d6E7c81E7f35473b3594031FCC4c519fD24Ad,1,0xc41f57259d2d1fb202d503a8134b74fd623306ac,1,249900000000000,45716676,135778,4968721,1743072193,0x298b34d3f3ca4af0a8eaf3f7bcd335bae8574af06a7159f7e2b5d6e6adf4b50e,NewSale
0x6B096c7B6B245306d18Be6e40Cbb8bacd66e689c,77823,0xbc2d6E7c81E7f35473b3594031FCC4c519fD24Ad,0,0x795a5a6ed365111a62b0d8db7125d8ff95ba0310,1,210000000000000,54690000,140578,4968731,1743072213,0x5ecf3bd564d7abb5577886b6d200d1561bc85216da0403a89548db70647523cd,NewSale
0xA76123AeDF99d850d355c2e57088401D3C15F55F,77824,0xbc2d6E7c81E7f35473b3594031FCC4c519fD24Ad,0,0x795a5a6ed365111a62b0d8db7125d8ff95ba0310,1,200000000000000,55400000,140566,4968746,1743072243,0xa411ab3e89e848e63c2cbcc608a1adb3322d42ebc095e55ea8c47bebf8581c95,NewSale
0xefFcEa37B1006aD2d5aaff41EA130F68051111C1,77781,0xbc2d6E7c81E7f35473b3594031FCC4c519fD24Ad,1,0x841576963b6a6822ef2d29b07458ea270abb0dc1,1,230000000000000,46772752,157678,4968755,1743072261,0x320e6357e83509ef82feba754cabb7e013c37abae81ec1a88be98afbc5ea075a,NewSale
0xeF0Ef28b882d166B732d00A01Ea762B9CCd3FE44,77785,0xbc2d6E7c81E7f35473b3594031FCC4c519fD24Ad,1,0x795a5a6ed365111a62b0d8db7125d8ff95ba0310,1,235000000000000,56540000,142189,4968789,1743072329,0xb91c9cecc3c6e7bf55b16afbdd041f6ef3c928df685b3b3ee45ace496c03db41,NewSale
0x80fe121B69163E17bd4e9CC573652e29E48fa4ae,77575,0xbc2d6E7c81E7f35473b3594031FCC4c519fD24Ad,1,0xda400a35e219c6774c00dd2be7bda96e4a53da72,1,19500000000000000000,49000000,180543,4968799,1743072349,0x0c0571cdd84834c7514e3750a3ee0c3c1a3cfeeedafccbb55acbdc76e7d6917f,NewSale
0x04a192Bd2c4Ad0B676a71302b828308551347A66,77776,0xbc2d6E7c81E7f35473b3594031FCC4c519fD24Ad,0,0x795a5a6ed365111a62b0d8db7125d8ff95ba0310,1,236000000000000,60590000,135778,4968804,1743072359,0xafe9b38dc554190a6b4448006755a0b23bfa370e7d5d6a348f30215adda17e48,NewSale
0x80fe121B69163E17bd4e9CC573652e29E48fa4ae,76985,0xbc2d6E7c81E7f35473b3594031FCC4c519fD24Ad,0,0xda400a35e219c6774c00dd2be7bda96e4a53da72,1,19800000000000000000,49000000,165054,4968817,1743072385,0x3dbf9f6612883b5c7c076a201d17e75fa4b7189dab18ebe8b92179c219074e99,NewSale
0xA76123AeDF99d850d355c2e57088401D3C15F55F,77826,0xbc2d6E7c81E7f35473b3594031FCC4c519fD24Ad,0,0x795a5a6ed365111a62b0d8db7125d8ff95ba0310,1,200000000000000,72160000,140578,4968821,1743072393,0xf05dc85767cabaf573b70327398d668ef2615b8baf38d08593f5d4fb803950d1,NewSale
0x80fe121B69163E17bd4e9CC573652e29E48fa4ae,77329,0xbc2d6E7c81E7f35473b3594031FCC4c519fD24Ad,0,0xda400a35e219c6774c00dd2be7bda96e4a53da72,1,19800000000000000000,49000000,163443,4968832,1743072415,0x050f5bf43ded4df14e656f613a62faffdd12ab90302216cd7e7855643ed911ac,NewSale
0x0d10a41CB8cf5FEEB00be965f373c7517A57d93C,77755,0xbc2d6E7c81E7f35473b3594031FCC4c519fD24Ad,1,0x795a5a6ed365111a62b0d8db7125d8ff95ba0310,1,240000000000000,58780000,135766,4968840,1743072431,0x4516c7e7424057b8d5df305384c57de9f105188be23a2f1f879c254f47a9310a,NewSale
0x80fe121B69163E17bd4e9CC573652e29E48fa4ae,77634,0xbc2d6E7c81E7f35473b3594031FCC4c519fD24Ad,0,0xda400a35e219c6774c00dd2be7bda96e4a53da72,1,19500000000000000000,49000000,165054,4968846,1743072443,0x52ac1387d97f8f3574f17900b6763c5a4103b4d921368775424ab9f9b9be9fe9,NewSale
0xeF0Ef28b882d166B732d00A01Ea762B9CCd3FE44,77785,0xbc2d6E7c81E7f35473b3594031FCC4c519fD24Ad,1,0x795a5a6ed365111a62b0d8db7125d8ff95ba0310,1,235000000000000,59000000,142189,4968852,1743072455,0x46e1e87ef361b1d83df1515351087a1efe03d82a767025441c56fc42483b20c5,NewSale
0x374D594f5e7591fB8C7708a295A43451d377CFFC,77756,0xbc2d6E7c81E7f35473b3594031FCC4c519fD24Ad,1,0xcd64f879030a7a4fe081609e1a9b626bb45b09b3,1,249900000000000,59160000,152878,4968857,1743072465,0x1d00f68642e5fc961d398788c40358d819a43dc99b23596a03f436dbf82357f4,NewSale
0x8BEd497a7c9dE53E364C11528c198403aF45b576,77746,0xbc2d6E7c81E7f35473b3594031FCC4c519fD24Ad,1,0x795a5a6ed365111a62b0d8db7125d8ff95ba0310,1,249900000000000,59880000,135778,4968864,1743072479,0xe75775a9f4c6c10448cec4563e41dd45fc258dfe696208782e6d2b5e24996d69,NewSale
0xF17C9ab60E7f97A8A4857A78786d0997A9A651DC,77812,0xdc0F91C5a4D200FfC21658901c77c0fE1A14d199,0,0xeffcea37b1006ad2d5aaff41ea130f68051111c1,1,620000000000000,95493130,150171,4968873,1743072497,0xd904a4e99fc6c383387660e03a4d2137c86a793d4e349ea1b9b3d9fa60ae005c,NewSale
0x923D1aa10076D14f8734b3F1300f737E93Be5935,77780,0xbc2d6E7c81E7f35473b3594031FCC4c519fD24Ad,1,0xcd64f879030a7a4fe081609e1a9b626bb45b09b3,1,249900000000000,60190000,135778,4968875,1743072501,0x2f933b83e62a3070414f10b45683127fd73bc96cf51d47993943d6fb783afade,NewSale
0xA76123AeDF99d850d355c2e57088401D3C15F55F,77825,0xbc2d6E7c81E7f35473b3594031FCC4c519fD24Ad,0,0xff6c7d714ef5966394bec71e2cafc58bfe2e16d2,1,200000000000000,51242661,140578,4968937,1743072625,0x0545c52de51311065a8d95d93a9a8d8d01e18910e9075783f493c4206dd1a3a8,NewSale
0x80fe121B69163E17bd4e9CC573652e29E48fa4ae,77634,0xbc2d6E7c81E7f35473b3594031FCC4c519fD24Ad,0,0xda400a35e219c6774c00dd2be7bda96e4a53da72,1,19500000000000000000,54000000,165054,4968940,1743072631,0x163915480523eff7f626e64b9fbc35907331ea62a1755280817291f0f66ab1b8,NewSale
0x4F81E0B77E14DAA9f86627a47988b7ee2c4D8D59,76291,0xdc0F91C5a4D200FfC21658901c77c0fE1A14d199,0,0xff38a2b40fbe3f0850ce243cf8d347b21ec2796d,1,659900000000000,51150759,167283,4968945,1743072641,0xdca4cd764f33127f5566947a0b8a79bdcb5d572b44d7677254705445cf0756ae,NewSale
0x0f3142Eba860bbeeE23b501cb2f818803a950FfA,77762,0xbc2d6E7c81E7f35473b3594031FCC4c519fD24Ad,1,0x2276375f92c406ba0fb0250d4439110e13e2281e,1,249900000000000,51170676,152878,4968952,1743072655,0xb1e58c66934f508de6a1cc578a27eae2a7c63a26918765b263a8071caf6c7eb6,NewSale
0xeF0Ef28b882d166B732d00A01Ea762B9CCd3FE44,77785,0xbc2d6E7c81E7f35473b3594031FCC4c519fD24Ad,1,0xff6c7d714ef5966394bec71e2cafc58bfe2e16d2,1,235000000000000,51204296,159289,4968961,1743072673,0xe4ffba2f13c96fdbfa09e1e2f17123528277479a3eec744c3ad6a98f09234ab7,NewSale
0x80fe121B69163E17bd4e9CC573652e29E48fa4ae,77273,0xbc2d6E7c81E7f35473b3594031FCC4c519fD24Ad,0,0xda400a35e219c6774c00dd2be7bda96e4a53da72,1,20000000000000000000,54000000,165054,4968962,1743072675,0xbf996c28d3bd42ed51082dc66c4453f00b139196242429a40d6516209a5b8fd2,NewSale
0x80fe121B69163E17bd4e9CC573652e29E48fa4ae,77634,0xbc2d6E7c81E7f35473b3594031FCC4c519fD24Ad,0,0xda400a35e219c6774c00dd2be7bda96e4a53da72,1,19500000000000000000,54000000,165054,4968976,1743072703,0x01a189c3fd2b4406cc4bd2aa6e47f77262cbaf0e8980b05f507d6f2b984c1b6b,NewSale
0x80fe121B69163E17bd4e9CC573652e29E48fa4ae,77634,0xbc2d6E7c81E7f35473b3594031FCC4c519fD24Ad,0,0xda400a35e219c6774c00dd2be7bda96e4a53da72,1,19500000000000000000,54000000,165054,4968988,1743072727,0x52c57162a4d1423518eb31ee4674de0ed0653223cf2c1a6173aba617ed361671,NewSale
0x67Ce7E708aa6Efdc111f897F4644dF1D0f83d9c7,77759,0xbc2d6E7c81E7f35473b3594031FCC4c519fD24Ad,1,0xff6c7d714ef5966394bec71e2cafc58bfe2e16d2,1,249900000000000,50746960,135778,4968989,1743072729,0x993e7caef0a105da247d5197d4db45ec5255ec86dbce0f04a7f7d281b1170536,NewSale
0x80fe121B69163E17bd4e9CC573652e29E48fa4ae,76985,0xbc2d6E7c81E7f35473b3594031FCC4c519fD24Ad,0,0xda400a35e219c6774c00dd2be7bda96e4a53da72,1,19800000000000000000,54000000,165054,4969003,1743072757,0xd7b54436fae67f771f868213856ab8f4448c8fb7cc2a4a98c8a96c4cdfcc4856,NewSale
0xeF0Ef28b882d166B732d00A01Ea762B9CCd3FE44,77785,0xbc2d6E7c81E7f35473b3594031FCC4c519fD24Ad,1,0xff6c7d714ef5966394bec71e2cafc58bfe2e16d2,1,235000000000000,50224861,142189,4969019,1743072789,0x31144e4d3164dc334ea861c931d623036748d8bfc6abd077691e248b5d481ff2,NewSale
0x7e2014DF0E2FA370469dBc4Fe2275776321ec48A,77738,0xbc2d6E7c81E7f35473b3594031FCC4c519fD24Ad,1,0xcd64f879030a7a4fe081609e1a9b626bb45b09b3,1,249900000000000,58350000,135778,4969023,1743072797,0x894bf328b04cbf271d78b3c3c667bbe5003eab904bca4e697f125f11a1d047ef,NewSale
0xA76123AeDF99d850d355c2e57088401D3C15F55F,77830,0xbc2d6E7c81E7f35473b3594031FCC4c519fD24Ad,0,0xff6c7d714ef5966394bec71e2cafc58bfe2e16d2,1,200000000000000,50021751,140578,4969031,1743072813,0xff32392b83a73d9de7e76e18a8a15f5a9d81596e57df60cecf3a5c758969074a,NewSale
0xeF0Ef28b882d166B732d00A01Ea762B9CCd3FE44,77785,0xbc2d6E7c81E7f35473b3594031FCC4c519fD24Ad,1,0xff6c7d714ef5966394bec71e2cafc58bfe2e16d2,1,235000000000000,49841259,142189,4969044,1743072839,0x5748f3a9d10f87a6cb1cb86391f46450574e027abfed460bc845d3f7c93189cc,NewSale
0xeF0Ef28b882d166B732d00A01Ea762B9CCd3FE44,77785,0xbc2d6E7c81E7f35473b3594031FCC4c519fD24Ad,1,0xcd64f879030a7a4fe081609e1a9b626bb45b09b3,1,235000000000000,57810000,142189,4969046,1743072843,0x8d61553026b4ba2c7a3686f3d465dac7c82f97237b7b0c7bc807ff367508d894,NewSale
0xeF0Ef28b882d166B732d00A01Ea762B9CCd3FE44,77785,0xbc2d6E7c81E7f35473b3594031FCC4c519fD24Ad,1,0xff6c7d714ef5966394bec71e2cafc58bfe2e16d2,1,235000000000000,49857851,142189,4969059,1743072869,0xfecc7f9c85f3ca489658f4f14fa70746aff330418857dc350c385cb5c94504f3,NewSale
0xeF0Ef28b882d166B732d00A01Ea762B9CCd3FE44,77785,0xbc2d6E7c81E7f35473b3594031FCC4c519fD24Ad,1,0x6cce8bf6e0f63a687907d2e0b4b4a7142adfd03a,1,235000000000000,70000000,159289,4969066,1743072883,0xcdc247b23a9487029d7399524bd7411fb10d6ef6982a696d5ddeccf4790b41fb,NewSale
0xeF0Ef28b882d166B732d00A01Ea762B9CCd3FE44,77785,0xbc2d6E7c81E7f35473b3594031FCC4c519fD24Ad,1,0xcd64f879030a7a4fe081609e1a9b626bb45b09b3,1,235000000000000,59250000,142189,4969091,1743072933,0x7d0fabeedd83ca6c77e44a7f280c0240736b26937ddd4cf793df53ff0007adde,NewSale
0xA76123AeDF99d850d355c2e57088401D3C15F55F,77831,0xbc2d6E7c81E7f35473b3594031FCC4c519fD24Ad,0,0xcd64f879030a7a4fe081609e1a9b626bb45b09b3,1,200000000000000,59390000,140578,4969109,1743072969,0xa69d3d5ce5a8e5cdfce91f1741d16a7e019b0f91a72566988e25dceedc18e667,NewSale
0x0d10a41CB8cf5FEEB00be965f373c7517A57d93C,77827,0xbc2d6E7c81E7f35473b3594031FCC4c519fD24Ad,0,0x602c27a7c09ed4278556c332ccc6467d35821058,1,240000000000000,50040000,135766,4969117,1743072985,0x6cb6f0ccdb950a411cd9290d68bd2479ef1d9256bb5303c1533f7fafeed5e8e9,NewSale
0xeF0Ef28b882d166B732d00A01Ea762B9CCd3FE44,77785,0xbc2d6E7c81E7f35473b3594031FCC4c519fD24Ad,1,0xcd64f879030a7a4fe081609e1a9b626bb45b09b3,1,235000000000000,58890000,135778,4969120,1743072991,0x4d348fff11e76892db0175a6188fb0613482abeee98b86d7b93444b6a3771a61,NewSale
0xCBce095ddd89515131c7c0d8710590fA7068235a,77747,0xbc2d6E7c81E7f35473b3594031FCC4c519fD24Ad,1,0xcd64f879030a7a4fe081609e1a9b626bb45b09b3,1,249900000000000,96630000,135778,4969158,1743073067,0xc26cf301018deeb1e36703527744dbc5508529b5a1b1603a5ff7197e8323195f,NewSale
0x8def402d28872431c5E21DEFF5a231ae16d1AcE2,77777,0xbc2d6E7c81E7f35473b3594031FCC4c519fD24Ad,1,0xcd64f879030a7a4fe081609e1a9b626bb45b09b3,1,249900000000000,97290000,135778,4969183,1743073117,0x5c5029c15a264efd671c8dda9634803d693b678f8f070bb00d311030f5d26b2d,NewSale
0xC0DEc165A5d6e6766Fbc35c977f89535899D0411,77662,0xbc2d6E7c81E7f35473b3594031FCC4c519fD24Ad,0,0x74f8e9b546ad76544175a029f3cb46f232e7a049,1,249999960000000,49522269,142189,4969193,1743073137,0x6e04f3335bc15e87fd22596653b05e02a7781ec832ebb3bd8814b6ce8efc7753,NewSale
0xa153b13b05744Dd33311565005589bD31a13cb8c,77686,0xdc0F91C5a4D200FfC21658901c77c0fE1A14d199,0,0xe35c31e6a98bec760680b6c80e6929948dc4e99c,1,1600000,49471169,220756,4969211,1743073173,0xd273e3302e0e2202f567b8c98dcb598d32971abac697e742693dbcb5371fb7eb,NewSale
0xC0DEc165A5d6e6766Fbc35c977f89535899D0411,77663,0xbc2d6E7c81E7f35473b3594031FCC4c519fD24Ad,0,0xcd64f879030a7a4fe081609e1a9b626bb45b09b3,1,249999950000000,59400000,142201,4969218,1743073187,0x94b25f70ca3f9529a19559316ff2c9f6941f9a985a477656ea23d10e15ba1d6f,NewSale
0xa153b13b05744Dd33311565005589bD31a13cb8c,77675,0xdc0F91C5a4D200FfC21658901c77c0fE1A14d199,0,0xac7ef19ac8c321270ab3067a34b26346ca3cb0ea,1,639000000000000,60010000,167283,4969249,1743073249,0x4027517e22af2936f924301d69641d33e0d3bcdb16036215fce5b08d42946ced,NewSale
0x0d10a41CB8cf5FEEB00be965f373c7517A57d93C,77833,0xDfC21bE7cC791a5f03A95E836D385bBC6d7dF384,1320,0x76e626227336db53c7fa87fbeb43e283bd5d7ed9,1,190000000000000,50722532,155246,4969281,1743073313,0xf0cf70f6129c730e9429663ec0f4312ccce449349de91695c01b0853a6c5fc16,NewSale
0xefFcEa37B1006aD2d5aaff41EA130F68051111C1,77829,0xdc0F91C5a4D200FfC21658901c77c0fE1A14d199,0,0xb92c55db9f5edd46423980fbe7fdb9948faf5b57,1,590000000000000,51372843,150183,4969306,1743073363,0xc60a0261ccac4d5b202469bcf181db164280b8adf289523600976848e53d89de,NewSale
0x4F81E0B77E14DAA9f86627a47988b7ee2c4D8D59,76292,0xdc0F91C5a4D200FfC21658901c77c0fE1A14d199,0,0xce0b06680a987f2c6eece50d45bbb38001778b9e,1,659900000000000,54205071,150183,4969390,1743073531,0x25285206e332bc49bf9a0165e46e9b50178d83efc70af606156990cad1fc3cf2,NewSale
0xE4f4BaEd82d30f2244fE1722aeda37dEF4B38Ddc,77848,0xdc0F91C5a4D200FfC21658901c77c0fE1A14d199,0,0xce0b06680a987f2c6eece50d45bbb38001778b9e,1,629000000000000,54913560,145383,4969408,1743073567,0xee6c8c23caf7366532ad48832bc67476ba4668309daa9be73247d22b78e94d66,NewSale
0xFF6C7d714eF5966394Bec71e2CaFc58bFe2E16d2,77838,0xbc2d6E7c81E7f35473b3594031FCC4c519fD24Ad,0,0xa75fc2cbe4c8a68276853c274e700561f05a78ae,1,239000000000000,104512119,157678,4969410,1743073571,0x5086c1e0e3a8fe1bb51ac79231194842749b98044ad844d013aa68080aa474af,NewSale
0xC0DEc165A5d6e6766Fbc35c977f89535899D0411,77659,0xbc2d6E7c81E7f35473b3594031FCC4c519fD24Ad,0,0x1eb18844ab577b5ad6ff35d1b6412839a4dcdf31,1,249999980000000,56260000,142177,4969445,1743073641,0xa1eb2295d3a4d2a746c1e84505daff426fcefcad6d2e4f189e824145876d9017,NewSale
0xFF6C7d714eF5966394Bec71e2CaFc58bFe2E16d2,77841,0xbc2d6E7c81E7f35473b3594031FCC4c519fD24Ad,0,0x6cce8bf6e0f63a687907d2e0b4b4a7142adfd03a,1,239000000000000,60000000,157678,4969463,1743073677,0x69e06d39b0f03298fc196c3757246e6806ad46c78eafe60e5bf091f8b00612f8,NewSale
0xC0DEc165A5d6e6766Fbc35c977f89535899D0411,77661,0xbc2d6E7c81E7f35473b3594031FCC4c519fD24Ad,0,0x1eb18844ab577b5ad6ff35d1b6412839a4dcdf31,1,249999970000000,56550000,142201,4969516,1743073783,0xd9f604e4d4a51e8c3c334401ecdd2a83bf6a6f28871d87b66dddf6c09055e454,NewSale
0x6cCE8bf6e0F63A687907D2E0b4b4A7142ADFd03a,77834,0xbc2d6E7c81E7f35473b3594031FCC4c519fD24Ad,1,0x76e626227336db53c7fa87fbeb43e283bd5d7ed9,1,250000000000000,55951972,152878,4969535,1743073821,0x3f2825d183f5354e6318157a0ee83ccb3b359462e0df78a1ba5f93c2901fab40,NewSale
0x2276375F92C406bA0fB0250D4439110e13E2281e,77849,0xbc2d6E7c81E7f35473b3594031FCC4c519fD24Ad,0,0x30587e5e7f4a7335c4e020acb3518a5dde52b742,1,1000000000000000,105201535,135790,4969542,1743073835,0xcc7f889e734993a8a2949ffb93ddb51c6c8d5adeb17cb28290585e7eb18b6dac,NewSale
0xC0DEc165A5d6e6766Fbc35c977f89535899D0411,74893,0xbc2d6E7c81E7f35473b3594031FCC4c519fD24Ad,0,0xce0b06680a987f2c6eece50d45bbb38001778b9e,1,249999990000000,54959957,142201,4969551,1743073853,0x9393f6e28074060112a85c0fcd04dc7da8f3cede2b0293000701a174422b8e5b,NewSale
0xC0DEc165A5d6e6766Fbc35c977f89535899D0411,77662,0xbc2d6E7c81E7f35473b3594031FCC4c519fD24Ad,0,0x1fec150537c32ed7771a75b734a2a05c8698c93f,1,249999960000000,54530580,142189,4969563,1743073877,0xbc1540bff8a80a40142186e8cbb5a5c93b7d48045edd21cb77545518097a4d29,NewSale
0xeb418E53EFcDc351137C9A81c70967b8D7063f4C,77694,0x7e5F161dd824d98AC3474eBf550716d0cb83E8C6,2,0xef73993b750da7062908897b3663821bf4744829,1,500000000000000,56460000,164783,4969568,1743073887,0xcc646c7cb26ae6319f618991e0732801ef080e9c4d0aa6185f2f3a1896965fa8,NewSale
0x084e7f880Db7A1bdfa8b8A78C6c31b3BFeade0bc,77854,0xbc2d6E7c81E7f35473b3594031FCC4c519fD24Ad,0,0xce0b06680a987f2c6eece50d45bbb38001778b9e,1,230000000000000,54539548,140578,4969568,1743073887,0x3652ddb37c4bfdae71df6712b70c5c2a24b5efd00d023d3e859903f5c37deeac,NewSale
0x3Be761EE2fF48242992e985963bb21dDECb055Fe,77803,0x897d1cBBeDC44c8371672e8cA72555b5194D6D86,0,0xe0d817c734b963231a827614558d98b75f67af02,1,600000000000000,54146689,145399,4969584,1743073919,0xd5da287d06bb35c7b0ed095d187c48feee06db3fe4b7ad4a0bb20c233d132b71,NewSale
0xdF9188ad4D80B6b174AAB1329d13894773F112B6,77852,0xbc2d6E7c81E7f35473b3594031FCC4c519fD24Ad,1,0xce0b06680a987f2c6eece50d45bbb38001778b9e,1,249000000000000,53868837,152878,4969588,1743073927,0x85d3d90646faef91bc7d85616f3324d6c24dd3d855406dec38f8e1eeb862cf08,NewSale
0x795adC5265eae083859c782B577B7f043687CcaE,77853,0xbc2d6E7c81E7f35473b3594031FCC4c519fD24Ad,1,0x31f6c2e398b83038ca95380a11c1359d5b54aa83,1,250000000000000,54690000,152878,4969604,1743073959,0x50abce826372a83134e8438e2ae6c1bf6b78b3cf403665c11c06744129b04840,NewSale
0xC0DEc165A5d6e6766Fbc35c977f89535899D0411,77662,0xbc2d6E7c81E7f35473b3594031FCC4c519fD24Ad,0,0xce0b06680a987f2c6eece50d45bbb38001778b9e,1,249999960000000,53159956,142189,4969612,1743073975,0xc6ad36dc893143763de27e807cc5d89596d4bfee576c84ffdc9c5ba5feeeee36,NewSale
0xA71B492F211cF867687A6f4d7954fe3046c08783,77859,0xbc2d6E7c81E7f35473b3594031FCC4c519fD24Ad,1,0x31f6c2e398b83038ca95380a11c1359d5b54aa83,1,249000000000000,53740000,135778,4969615,1743073981,0xc89eb0332fbab9d995dbdc36fc3b058009c4e2a2efb4837cdfe1be0dde6e29be,NewSale
0x77097770B0C9Fb322704dAd5b0bd18eDBa9b1Eae,74586,0xbc2d6E7c81E7f35473b3594031FCC4c519fD24Ad,0,0x31f6c2e398b83038ca95380a11c1359d5b54aa83,1,286000000000000,53740000,152890,4969628,1743074007,0x3781775fbee01091002582fa71a1feaea80f285d5ae253a81c3b4e33e2c90c6b,NewSale
0x161324631C0Fa0Af5de534E43BEB1DE3Ba90128a,77860,0xbc2d6E7c81E7f35473b3594031FCC4c519fD24Ad,0,0xcbd3ce16b0e2b32bdca9650bfcadbafe941c5bab,1,1000000000000000000,53360000,180543,4969632,1743074015,0x482b1b61bcc0b3c2d026b91f492057e9d8664dc00fa34c9f3d2f2f524dd33383,NewSale
0xbfBcA9b9229e9050cFc7a88ef87177d7DEb0802B,75399,0xbc2d6E7c81E7f35473b3594031FCC4c519fD24Ad,1,0x31f6c2e398b83038ca95380a11c1359d5b54aa83,1,290000000000000,53360000,135790,4969638,1743074027,0x6a6da25930ee54bf9121196e8378869e85c8032b0afcc5f68a4a30046656a26f,NewSale
0xC0DEc165A5d6e6766Fbc35c977f89535899D0411,74893,0xbc2d6E7c81E7f35473b3594031FCC4c519fD24Ad,0,0x31f6c2e398b83038ca95380a11c1359d5b54aa83,1,249999990000000,53360000,142201,4969651,1743074053,0xbb0706312eb16834c3108b766bcd191867d3ec10c415b4398b8db3f5e4391ce3,NewSale
0xC0DEc165A5d6e6766Fbc35c977f89535899D0411,77661,0xbc2d6E7c81E7f35473b3594031FCC4c519fD24Ad,0,0xce0b06680a987f2c6eece50d45bbb38001778b9e,1,249999970000000,50473823,142201,4969663,1743074077,0xd00d09c26f0da517535bc3833831c8b7ee0c1501e92ad018566e0c6a76b3249c,NewSale
0xC0DEc165A5d6e6766Fbc35c977f89535899D0411,77663,0xbc2d6E7c81E7f35473b3594031FCC4c519fD24Ad,0,0x6cce8bf6e0f63a687907d2e0b4b4a7142adfd03a,1,249999950000000,60000000,142201,4969673,1743074097,0x6c7273b43c85cdcc56735eb455bd6bbd28d2667f5bf129a1284e82be8015e06e,NewSale
0xEa9355Bc05FB6a8ab05e9bd3B89F793b02405Aa1,76632,0x02e21A25F0038fa5BDEe9c0b77aC0c1E84d3d6f0,2013,0xef73993b750da7062908897b3663821bf4744829,1,380000000000000,51190000,155258,4969675,1743074101,0xde43af86c97a55126c7f94d09f9e52f9b79b4af53a2a61f160cd07e2d1804263,NewSale
0x161324631C0Fa0Af5de534E43BEB1DE3Ba90128a,77864,0xbc2d6E7c81E7f35473b3594031FCC4c519fD24Ad,0,0xcbd3ce16b0e2b32bdca9650bfcadbafe941c5bab,1,1000000000000000000,51190000,158643,4969678,1743074107,0x9f63d06e6ee2c6211526c12e312658e6d000fb5e2b0f456507b43714316ccf1f,NewSale
0xC0DEc165A5d6e6766Fbc35c977f89535899D0411,77659,0xbc2d6E7c81E7f35473b3594031FCC4c519fD24Ad,0,0xce0b06680a987f2c6eece50d45bbb38001778b9e,1,249999980000000,50093907,142177,4969681,1743074113,0x1893cd7b0e113bdfb149bb5e5bb26f2f00f9cf77e8fb95966360b685498b38d3,NewSale
0x0d10a41CB8cf5FEEB00be965f373c7517A57d93C,77861,0x02e21A25F0038fa5BDEe9c0b77aC0c1E84d3d6f0,1909,0xef73993b750da7062908897b3663821bf4744829,1,190000000000000,51410000,133346,4969694,1743074139,0x96d4fb58178c517da7e151c638e129a771ebbda9e029bac3acd21237a29ceda8,NewSale
0xbaeDf698469a056b5fFD358929a1CD5fE97E5834,76540,0x02e21A25F0038fa5BDEe9c0b77aC0c1E84d3d6f0,2003,0xef73993b750da7062908897b3663821bf4744829,1,390000000000000,51410000,138158,4969713,1743074177,0x026799597d6260540c954a083a2078469116f8ccbbddf00130f05a223c948150,NewSale
0x161324631C0Fa0Af5de534E43BEB1DE3Ba90128a,77870,0xbc2d6E7c81E7f35473b3594031FCC4c519fD24Ad,0,0xcbd3ce16b0e2b32bdca9650bfcadbafe941c5bab,1,1000000000000000000,51190000,163443,4969718,1743074187,0x1bc971b36ce190913058e28c83ae8deefadfac3994e2fb102f3a13c6733597c4,NewSale
0xC0DEc165A5d6e6766Fbc35c977f89535899D0411,77663,0xbc2d6E7c81E7f35473b3594031FCC4c519fD24Ad,0,0x1eb18844ab577b5ad6ff35d1b6412839a4dcdf31,1,249999950000000,50480000,142201,4969725,1743074201,0x94526f588e426194c8b0702a8048b0bb33ab11a35f6a0cb50f67879b8febce07,NewSale
0xC0DEc165A5d6e6766Fbc35c977f89535899D0411,77661,0xbc2d6E7c81E7f35473b3594031FCC4c519fD24Ad,0,0x6879ed4754714be7827a15c7b723ede55655a725,1,249999970000000,51308400,142201,4969739,1743074229,0x15e49c96dd15efca1fd39edfa0c72ec20f23f9cfbc42523b511b71e083d37e23,NewSale
0x161324631C0Fa0Af5de534E43BEB1DE3Ba90128a,77874,0xbc2d6E7c81E7f35473b3594031FCC4c519fD24Ad,0,0xcbd3ce16b0e2b32bdca9650bfcadbafe941c5bab,1,1000000000000000000,55960000,158643,4969744,1743074239,0xb162a8dfd225ef5fdce393179ffec18414c263ed113fd3842c79fbe914ee27da,NewSale
0xbaeDf698469a056b5fFD358929a1CD5fE97E5834,76546,0x02e21A25F0038fa5BDEe9c0b77aC0c1E84d3d6f0,2000,0xef73993b750da7062908897b3663821bf4744829,1,390000000000000,61280000,138158,4969750,1743074251,0x3f7f7563f5d253200723e1ad856a01d65ebbd7235d42743f75faa6eb77c58d88,NewSale
0xC0DEc165A5d6e6766Fbc35c977f89535899D0411,77662,0xbc2d6E7c81E7f35473b3594031FCC4c519fD24Ad,0,0x1eb18844ab577b5ad6ff35d1b6412839a4dcdf31,1,249999960000000,52220000,142189,4969802,1743074355,0x548412d3353a3f9b415470974728691f19d4af1ce174748d3ca57b1e9f64562a,NewSale
0xC0DEc165A5d6e6766Fbc35c977f89535899D0411,77663,0xbc2d6E7c81E7f35473b3594031FCC4c519fD24Ad,0,0x6879ed4754714be7827a15c7b723ede55655a725,1,249999950000000,53068234,142201,4969845,1743074441,0xc645820c3ed6e036a341b99323349226b8de65e85a1ab61683a9865e609dc352,NewSale
0x2065b7a05102C48A44CB985a1E1f466ac9cEE08C,75158,0xbc2d6E7c81E7f35473b3594031FCC4c519fD24Ad,0,0x7043b26950dcd677c29fb20e6f4bbef7fc13734d,1,275000000000000,104829270,157678,4969853,1743074457,0xf129726e9b10272d0fbf1762f87c9475c79732ccc662cc9533bf52a4ec2983cc,NewSale
0x694a20d325199b94698778F2deD782792516A726,75697,0xFC000E355ea1dC4A8B8e40B7A09d1fFf82596D7b,0,0xef73993b750da7062908897b3663821bf4744829,1,500000000000000,63480000,152874,4969857,1743074465,0x0d65db2598e387503a4b371bb688a038a37516edbfd6d5731f3fe982ea64f6fc,NewSale
0x46C84d363a31e30907CC4C56c60944D960272eE8,63977,0xEB255E4669Da7FeEf1F746a5a778b4e08b65a1A7,0,0xba133ba5b4247a8298151bc95218ce45f53ffb3c,1,1250000,105491258,181756,4969881,1743074513,0x431208b9f2ef972564e352e3ba258f0ed83a3b8a9c3b3e0e3911f06e62a84aad,NewSale
0x6fc946B12966e3EFC34284E0F8a4482edc6D5b2B,77867,0xbc2d6E7c81E7f35473b3594031FCC4c519fD24Ad,1,0xa61f23023c9937236080840e1e58e0314cc95b58,1,249000000000000,53400509,135778,4969887,1743074525,0x493404c16498319a5337ffb133e15551a6c358755ac27c1e4fb384e9de4fe132,NewSale
0x6cCE8bf6e0F63A687907D2E0b4b4A7142ADFd03a,77856,0xbc2d6E7c81E7f35473b3594031FCC4c519fD24Ad,0,0x76e626227336db53c7fa87fbeb43e283bd5d7ed9,1,239000000000000,54351368,140578,4969931,1743074613,0xd1efd17e0f582253a36805ae8e330df429053c58a2aa3e3750715e4a699dfd19,NewSale
0x0d10a41CB8cf5FEEB00be965f373c7517A57d93C,77857,0xDfC21bE7cC791a5f03A95E836D385bBC6d7dF384,1324,0xba133ba5b4247a8298151bc95218ce45f53ffb3c,1,190000000000000,106508938,155246,4969942,1743074635,0x301883716d921d35f3468c969fa04c590b42c5210923036e856593218060895b,NewSale
0xC0DEc165A5d6e6766Fbc35c977f89535899D0411,74893,0xbc2d6E7c81E7f35473b3594031FCC4c519fD24Ad,0,0x6dbd825771811ee020e1b482b10fb24feb1b602e,1,249999990000000,106508938,142201,4969942,1743074635,0xcabbaa14883201568c995ec565e3db8558243ecb3034522764abe49772741657,NewSale
0xEa9355Bc05FB6a8ab05e9bd3B89F793b02405Aa1,76637,0x02e21A25F0038fa5BDEe9c0b77aC0c1E84d3d6f0,2008,0x829325f88f4a5764b9422d3de7314603b05482a9,1,380000000000000,65050000,150458,4969942,1743074635,0x7b33a62a5d4a94f840468c9a7290aaba7fd312bc8f89b8b290546657407aeadc,NewSale
0x1Eb18844ab577B5ad6FF35D1B6412839a4dCdf31,77885,0xbc2d6E7c81E7f35473b3594031FCC4c519fD24Ad,0,0xa61f23023c9937236080840e1e58e0314cc95b58,1,249990000000000,54693835,140578,4969959,1743074669,0xd2911e486f5138636518059c3feb5294083e44784aebf57f18becd12a3af8263,NewSale
0xeF0Ef28b882d166B732d00A01Ea762B9CCd3FE44,77877,0xbc2d6E7c81E7f35473b3594031FCC4c519fD24Ad,1,0x6879ed4754714be7827a15c7b723ede55655a725,1,245000000000000,54576816,142189,4969965,1743074681,0x0d628ba515d9eaa95994037a45fec49709c68dc60c21a03e90ea645d77e81af0,NewSale
0xbaeDf698469a056b5fFD358929a1CD5fE97E5834,76547,0x02e21A25F0038fa5BDEe9c0b77aC0c1E84d3d6f0,1999,0x829325f88f4a5764b9422d3de7314603b05482a9,1,390000000000000,65450000,138158,4969975,1743074701,0x0db609a214847d321cb690a40fe36434beae95abd065cc4abbce756ea888ccab,NewSale
0xa6871fcED45e99545a8482Ced2b5adeE874D2DFf,77878,0xbc2d6E7c81E7f35473b3594031FCC4c519fD24Ad,1,0x6879ed4754714be7827a15c7b723ede55655a725,1,249000000000000,54921148,135778,4969985,1743074721,0x8a597902be2e70ba30acdd2a509823a19fe6fd3e21d0e66d96659610047ff3de,NewSale
0x20D35412B0501a5f446235e78BBD5B22E93B6360,77889,0xbc2d6E7c81E7f35473b3594031FCC4c519fD24Ad,1,0x6879ed4754714be7827a15c7b723ede55655a725,1,249000000000000,55461175,135778,4970020,1743074791,0xd52f6db8c18592dfaa0bdab89122416497648533e34a2530dfd4cc7ea6a43885,NewSale
0x76E626227336dB53c7fa87FbeB43e283bD5d7ed9,77884,0xbc2d6E7c81E7f35473b3594031FCC4c519fD24Ad,1,0x6879ed4754714be7827a15c7b723ede55655a725,1,220000000000000,55512551,135778,4970032,1743074815,0xf29a0915c54240611789c60eb8b0acf99ac7da2fa158dbc0275d13b83e6065a5,NewSale
0xbaeDf698469a056b5fFD358929a1CD5fE97E5834,76538,0x02e21A25F0038fa5BDEe9c0b77aC0c1E84d3d6f0,2004,0x829325f88f4a5764b9422d3de7314603b05482a9,1,390000000000000,60700000,138158,4970039,1743074829,0xe0d46a33a16aba2bc5d4011cda911f1e01c610df6620d90d31c6e5598d7b0f57,NewSale
0xeF0Ef28b882d166B732d00A01Ea762B9CCd3FE44,77877,0xbc2d6E7c81E7f35473b3594031FCC4c519fD24Ad,1,0x6879ed4754714be7827a15c7b723ede55655a725,1,245000000000000,55330358,142189,4970045,1743074841,0x796c94d82e833575eb4d24b3b60898e881f318ee8cfd2ebfaf33c31354581ebc,NewSale
0xeF0Ef28b882d166B732d00A01Ea762B9CCd3FE44,77877,0xbc2d6E7c81E7f35473b3594031FCC4c519fD24Ad,1,0x6879ed4754714be7827a15c7b723ede55655a725,1,245000000000000,55226017,142189,4970057,1743074865,0x5c6f51da186cceddb487224a01978af929e0bedd4b855287c3ed110402ee93e6,NewSale
0x447d106d566f238e4A2eF663Ac2096c33c608948,77880,0xbc2d6E7c81E7f35473b3594031FCC4c519fD24Ad,1,0x7043b26950dcd677c29fb20e6f4bbef7fc13734d,1,249000000000000,109432019,152878,4970063,1743074877,0x7f57b735ec1ce52e5bfb57915c172a46a9a778a9ec7d839e8102925a17ac202a,NewSale
0x8a89e9075dC6FBF51716d2B466C8e15a8F441DE1,73963,0xbFCACb23F0B41EeEDFf7d04f52CE8f5125150806,5,0x829325f88f4a5764b9422d3de7314603b05482a9,1,500000000000000,54740000,162483,4970129,1743075009,0xe9e143ac3fa7746ebb64190433f482ec984ab0816495a69a7e0f5eb02505e39d,NewSale
0x41f07238C5096Eb7eb68c50FE8AE5AdDECBBF5C2,73614,0xbFCACb23F0B41EeEDFf7d04f52CE8f5125150806,4,0x829325f88f4a5764b9422d3de7314603b05482a9,1,500000000000000,54490000,147683,4970153,1743075057,0x6bf12e40944597326434998f958f0783d0de71fa8dc372fe333d067206a0af2f,NewSale
0xeF0Ef28b882d166B732d00A01Ea762B9CCd3FE44,77877,0xbc2d6E7c81E7f35473b3594031FCC4c519fD24Ad,1,0xaa049ec5c3ea56c7b9c273b342e2a4e1d5351b57,1,245000000000000,54490000,142189,4970154,1743075059,0x31a2b1f8021336185ab01485daa586d619755dd8c76cc1932173d4c477c6ad27,NewSale
0xcCfcf19d9BF2c1032f2079A002C930066DeA13A5,77876,0xbc2d6E7c81E7f35473b3594031FCC4c519fD24Ad,0,0x6ea95025e27ae192789e2b5d54dd091343949f52,1,249000000000000,103068945,157678,4970179,1743075109,0xfad14f4b607b9c25e3c4cb882e38dd5562382bcffb63a51e2e16d51ec6b94deb,NewSale
0x66907de460905CB2fc07d10e2c0031D610247684,76183,0x02e21A25F0038fa5BDEe9c0b77aC0c1E84d3d6f0,1646,0x32f6f912133d4c36879c79a1415f2e1fb39432ee,1,900000,101460735,171117,4970226,1743075203,0x8884983c7a5e7955ad1832afef5fd10e4d08c4b699a930888fe34a3b3d4dac37,NewSale
0x76E626227336dB53c7fa87FbeB43e283bD5d7ed9,77901,0xbc2d6E7c81E7f35473b3594031FCC4c519fD24Ad,0,0x919c6c8b425a1bdc9634d2abf38664d0cab50c70,1,220000000000000,101405175,157678,4970229,1743075209,0x5b9eb8c611cb14950242d85d67f33f228181108b16f8f437ce8032ac1b0de8bc,NewSale
0xeF0Ef28b882d166B732d00A01Ea762B9CCd3FE44,77877,0xbc2d6E7c81E7f35473b3594031FCC4c519fD24Ad,1,0x30587e5e7f4a7335c4e020acb3518a5dde52b742,1,245000000000000,100347523,159289,4970264,1743075279,0xc2c64366fdb16e76b6ee7cd8f28d17476b4c5d7c089d2e9f2760814ee78779a3,NewSale
0xeF0Ef28b882d166B732d00A01Ea762B9CCd3FE44,77877,0xbc2d6E7c81E7f35473b3594031FCC4c519fD24Ad,1,0xec483d4adfd837ed64d3744a881dd8f5609cd8b9,1,245000000000000,50731496,159289,4970264,1743075279,0x343e380650c205615e319bce8cde2349e7559850cdfb3546919b9ae0c1b1a767,NewSale
0xeF0Ef28b882d166B732d00A01Ea762B9CCd3FE44,77877,0xbc2d6E7c81E7f35473b3594031FCC4c519fD24Ad,1,0xec483d4adfd837ed64d3744a881dd8f5609cd8b9,1,245000000000000,50428988,142189,4970282,1743075315,0x10336fa5e5b654413c2e85f04e55bd5526c022887a74063d94050e6712acab1c,NewSale
0xeF0Ef28b882d166B732d00A01Ea762B9CCd3FE44,77877,0xbc2d6E7c81E7f35473b3594031FCC4c519fD24Ad,1,0xec483d4adfd837ed64d3744a881dd8f5609cd8b9,1,245000000000000,51111012,142189,4970320,1743075391,0x72c303719cb7a94dac08a45355445cb919edf194d35bebca7f1dec884103a1ad,NewSale
0xeF0Ef28b882d166B732d00A01Ea762B9CCd3FE44,77877,0xbc2d6E7c81E7f35473b3594031FCC4c519fD24Ad,1,0xec483d4adfd837ed64d3744a881dd8f5609cd8b9,1,245000000000000,51337158,142189,4970338,1743075427,0xc1ca59c3af9ec40bf780441ee0accac3426009a7393b8cd4ad5186d861b29b79,NewSale
0xeF0Ef28b882d166B732d00A01Ea762B9CCd3FE44,77877,0xbc2d6E7c81E7f35473b3594031FCC4c519fD24Ad,1,0x7043b26950dcd677c29fb20e6f4bbef7fc13734d,1,245000000000000,100527332,135778,4970340,1743075431,0xdab488502fdc67083aeb000725375a87bc723b9093a359ef7b7e0c2929d2a882,NewSale
0x0d10a41CB8cf5FEEB00be965f373c7517A57d93C,77892,0xDfC21bE7cC791a5f03A95E836D385bBC6d7dF384,1321,0x5f5944104192242992420c3f1291822b82800714,1,190000000000000,61380000,155246,4970350,1743075451,0xe9b434405b3186b3066abc1801325a2fca305015bd850e6258cf326226d78cb6,NewSale
0x9cB4234410191686e8BA304ae40B643BAc986A44,77898,0xbc2d6E7c81E7f35473b3594031FCC4c519fD24Ad,1,0xea3af5b7577e34d5823324f65b5f4b4d6d799d69,1,249000000000000,61420000,152878,4970383,1743075517,0x54faa541aec7829e337b8253e921d2b5e5421b0715c1fee7f03754fe2c849381,NewSale
0xeb418E53EFcDc351137C9A81c70967b8D7063f4C,77881,0x7e5F161dd824d98AC3474eBf550716d0cb83E8C6,2,0x973ac9053f0b2b6adface0889cca5b553b52d775,1,30000000000000000000,102561789,186930,4970417,1743075585,0xfd32181656bf49f0004b0dffedaa668006026bbb1c81aabae45d8d74e6a36651,NewSale
0x35e8FEbeb2f688B40Ec2d9859aC9A9489b26988f,77900,0xbc2d6E7c81E7f35473b3594031FCC4c519fD24Ad,1,0x2d22dac8680a8ee3d97d2cbc648f3fb3274a48d1,1,249000000000000,54009781,135778,4970424,1743075599,0x5c3c975a38b4ec1f72074a4f776f1d4f6af7caa3bbbabc5260ac11923a64ee5a,NewSale
0xDB23179254eF4caCAC57Bfa4807da8A75cdCB899,77899,0xbc2d6E7c81E7f35473b3594031FCC4c519fD24Ad,1,0x7043b26950dcd677c29fb20e6f4bbef7fc13734d,1,248000000000000,103403730,135778,4970435,1743075621,0xb89c8d6b9ba2709da0971db7166a03faa221c0c9af86ccff76407f5e44b0047a,NewSale
0x76E626227336dB53c7fa87FbeB43e283bD5d7ed9,77882,0xEB255E4669Da7FeEf1F746a5a778b4e08b65a1A7,0,0x973ac9053f0b2b6adface0889cca5b553b52d775,1,500000000000000,62762758,167283,4970465,1743075681,0xa1422c55423b8f0b86b18db6f6b2d0aabac8a5f212a9dc573370453ab8a2ba96,NewSale
0x30587E5e7f4A7335C4e020aCb3518A5DdE52b742,77904,0xbc2d6E7c81E7f35473b3594031FCC4c519fD24Ad,1,0xf27b87f2336b37fe60e63394abcf22eab686fcd8,1,200000000000000,56632956,152878,4970474,1743075699,0x1529ba2f4447c4750dfe016e4f9c069fcd44bb78dd0482a159248bbe487b68db,NewSale
0xC0DEc165A5d6e6766Fbc35c977f89535899D0411,77663,0xbc2d6E7c81E7f35473b3594031FCC4c519fD24Ad,0,0x7043b26950dcd677c29fb20e6f4bbef7fc13734d,1,249999950000000,63543082,142201,4970486,1743075723,0x21b48d1fee79f492231d4a4ee0b0b28a459869904bb5f872a7aa100b255b614a,NewSale
0x0DDDAb17d0eE1416A757758Fe4dcE96EE8Df211c,77896,0xdc0F91C5a4D200FfC21658901c77c0fE1A14d199,0,0xb10f6264cb18babf203de98df4bc3f3ecd616471,1,550000000000000,62190000,145383,4970502,1743075755,0x12360f29a85f7d1a21741d376a0227f8cfa6a2f93967a486334d16561e164679,NewSale
0x8849412b9E35435b069fa572555C246dc519D91C,77903,0xbc2d6E7c81E7f35473b3594031FCC4c519fD24Ad,1,0x7043b26950dcd677c29fb20e6f4bbef7fc13734d,1,249000000000000,115407253,135778,4970533,1743075817,0x66410b6934c62cecc94d104f0b459b9282d137df7aaea72c9800829aeea65e8b,NewSale
0xE4f4BaEd82d30f2244fE1722aeda37dEF4B38Ddc,77858,0xdc0F91C5a4D200FfC21658901c77c0fE1A14d199,0,0x30587e5e7f4a7335c4e020acb3518a5dde52b742,1,639000000000000,114639070,150183,4970616,1743075983,0x2f5b4b65422548e3399a1149d1717c531a40fffbc3620178abb75ebb7aee6e4b,NewSale
0x32f6F912133D4c36879c79A1415f2e1fb39432Ee,77906,0xbc2d6E7c81E7f35473b3594031FCC4c519fD24Ad,1,0x16625d347efc19556c3a2c218f31324ce269703c,1,500000,58420000,185850,4970630,1743076011,0x9e1ae14906c8e03ebabf9f0d57cf3ec6c27542ae190f78debbec4380d9cf8ce3,NewSale
0xE4f4BaEd82d30f2244fE1722aeda37dEF4B38Ddc,77863,0xdc0F91C5a4D200FfC21658901c77c0fE1A14d199,0,0x5d18b6e6d9612341e043961d57d1c74b66ded583,1,639000000000000,56085621,150183,4970681,1743076113,0x194126e385e9ae88d0518a85567c1dbab2a1c8391ba3742dfca0b6ed84f96549,NewSale
0xC0DEc165A5d6e6766Fbc35c977f89535899D0411,74893,0xbc2d6E7c81E7f35473b3594031FCC4c519fD24Ad,0,0xd0b6c1f13bb1691db1628d1c93e4ccb2de1d9e42,1,249999990000000,55985093,142201,4970699,1743076149,0x3b625f0c26032bdfd166adefe25f41c2d575faa32cdb0696455521ab137d16de,NewSale
0x7043B26950DcD677c29fB20e6f4BBeF7FC13734d,77912,0xbc2d6E7c81E7f35473b3594031FCC4c519fD24Ad,1,0xf20449defa821dd7bacb56ac0dba95ca063a0130,1,249000000000000,55934503,157678,4970705,1743076161,0x5dd61ff5f7ce8ad118174734175ac18307e64b23749be5403f6bca01ec37e802,NewSale
0xbAa9672503be4067CCc6eBB08BEe52af3e0b3b4C,77913,0x2Bf46D4497e98FbA2304B0d2453922FFf559Ea02,39,0x2511b400b96a01d992a438681fdec776148cb346,1,500000000000000,56180000,186906,4970721,1743076193,0xc5c01998dadea2cb1a5a5ff926772a3c8c72bf605d810836556d8b86f07dd95a,NewSale
0x0d10a41CB8cf5FEEB00be965f373c7517A57d93C,77907,0xDfC21bE7cC791a5f03A95E836D385bBC6d7dF384,1244,0x5d18b6e6d9612341e043961d57d1c74b66ded583,1,190000000000000,55977642,155246,4970745,1743076241,0x9696678423e6b7bce820ab1ff31c0cc239e60dbb3def6837b5a189461912afe6,NewSale
0xEc483D4ADfD837Ed64d3744a881DD8f5609cd8B9,77920,0xbc2d6E7c81E7f35473b3594031FCC4c519fD24Ad,1,0xf20449defa821dd7bacb56ac0dba95ca063a0130,1,244000000000000,55822492,140578,4970757,1743076265,0xb6e803f227c0d29f33a38621a7bfbb499919313ce0b1779e6f0b5086c301dc00,NewSale
0x7043B26950DcD677c29fB20e6f4BBeF7FC13734d,77902,0xbc2d6E7c81E7f35473b3594031FCC4c519fD24Ad,1,0xf0ea9ce6d0464592a938835bc53b6d4e54a4b59d,1,274000000000000,56140000,157678,4970759,1743076269,0xf4951ebe81ee086b6df6ff0b953b0120fe647f97eee043846d30d68ea33ee19c,NewSale
0x0d10a41CB8cf5FEEB00be965f373c7517A57d93C,77909,0xDfC21bE7cC791a5f03A95E836D385bBC6d7dF384,1322,0x5d18b6e6d9612341e043961d57d1c74b66ded583,1,190000000000000,55001952,138146,4970778,1743076307,0xc05a27416d3b67bb3ac41d9f2445bbbd230b69df81d17032907d146dbeb44d9c,NewSale
0xC0DEc165A5d6e6766Fbc35c977f89535899D0411,77662,0xbc2d6E7c81E7f35473b3594031FCC4c519fD24Ad,0,0xd0b6c1f13bb1691db1628d1c93e4ccb2de1d9e42,1,249999960000000,54818517,142189,4970789,1743076329,0x72ac7d78005bcc021ccea69f64e338c48bf8ccba0addaba77beeefe7ce189880,NewSale
0x0d10a41CB8cf5FEEB00be965f373c7517A57d93C,77914,0xDfC21bE7cC791a5f03A95E836D385bBC6d7dF384,1319,0x5d18b6e6d9612341e043961d57d1c74b66ded583,1,190000000000000,54465164,138146,4970804,1743076359,0xc05fd9a75a8ca7ca8a89b50ba38805bfbfe6dd5905582e65d2b363cd21e538c5,NewSale
0x31F6c2e398b83038ca95380A11C1359D5B54Aa83,77871,0xbc2d6E7c81E7f35473b3594031FCC4c519fD24Ad,1,0xccce1a6e4730a31ab7e6e81c4634f562218373df,1,300000000000000,52903792,157690,4970841,1743076433,0x27abda7ff01f3e18dab3accdf3a576cc0e07bc5097e21a60dd03844d35401564,NewSale
0x32f6F912133D4c36879c79A1415f2e1fb39432Ee,77910,0x02e21A25F0038fa5BDEe9c0b77aC0c1E84d3d6f0,1537,0x1f033ca633c81ebeee968f6935f1031a8d58e209,1,300000000000000,52630000,155258,4970870,1743076491,0xd0aaa894c1492ed1fb2f307fa4c3621bf7458c43fa130de9840195c9cea0de15,NewSale
0x30587E5e7f4A7335C4e020aCb3518A5DdE52b742,77926,0xbc2d6E7c81E7f35473b3594031FCC4c519fD24Ad,0,0x2511b400b96a01d992a438681fdec776148cb346,1,180000000000000,52630000,157666,4970898,1743076547,0x5a1033f89406705b4a82bdff92893b65ca4f671d0b59955c700438cf4845d0dc,NewSale
0xEc483D4ADfD837Ed64d3744a881DD8f5609cd8B9,77925,0xbc2d6E7c81E7f35473b3594031FCC4c519fD24Ad,1,0x5c3fbc41f4eee410ebe6af094dc0dfe53d154d7e,1,243000000000000,52630000,157678,4970909,1743076569,0xd41a050e3496e331e79c4766058f2100d9d8529dc3576ff88065f91ab8b53e02,NewSale
0xC75e44Ab534adB84acaa7E75861841EE03f40c75,77651,0xbc2d6E7c81E7f35473b3594031FCC4c519fD24Ad,1,0x18420375bfe559a1d4494f796d6d1bdbbf7070dc,1,300000000000000,51847771,140590,4970920,1743076591,0x0255a214b09ef6a5fce70a72ea7bbf45e0b3547158f1d8394c0a75a7935f4066,NewSale
0xEc483D4ADfD837Ed64d3744a881DD8f5609cd8B9,77922,0xbc2d6E7c81E7f35473b3594031FCC4c519fD24Ad,1,0x5c3fbc41f4eee410ebe6af094dc0dfe53d154d7e,1,244000000000000,62080000,140578,4970922,1743076595,0x0380dfaf2c22503489939357c116e9756b434f95376c0d68cf13f4bf34743a8c,NewSale
0x520Cc2D7C7AEcb9dCB45F2268E06B5c9FdA79eF5,77930,0xbc2d6E7c81E7f35473b3594031FCC4c519fD24Ad,0,0x5c3fbc41f4eee410ebe6af094dc0dfe53d154d7e,1,180000000000000,56350000,152878,4970933,1743076617,0xecba7d3639fb51b05847b14a1db50b2070ee0129c2d9c23da00381ad9a4a2ff0,NewSale
0x7043B26950DcD677c29fB20e6f4BBeF7FC13734d,77919,0xbc2d6E7c81E7f35473b3594031FCC4c519fD24Ad,1,0x5c3fbc41f4eee410ebe6af094dc0dfe53d154d7e,1,249000000000000,62140000,140578,4970947,1743076645,0x79c7d42e25a538b4267cbcbf6fc59fab4b70c3caae5175ffc67b6a2f498d393c,NewSale
0x8B86ea43F2a583eEC63e7Ae5B0c3D215593347C9,77932,0xbc2d6E7c81E7f35473b3594031FCC4c519fD24Ad,1,0x5c3fbc41f4eee410ebe6af094dc0dfe53d154d7e,1,249000000000000,62140000,135778,4970962,1743076675,0x1c36c99ea43f42097bc6ed324a487f604803b3fa95e61d6726b1d3ada8fa9ed3,NewSale
0xF0eA9Ce6d0464592A938835BC53B6d4e54A4B59d,77934,0xbc2d6E7c81E7f35473b3594031FCC4c519fD24Ad,1,0x5c3fbc41f4eee410ebe6af094dc0dfe53d154d7e,1,170000000000000,62770000,135778,4970975,1743076701,0xbea26a3436caeb6b2cbe7d7a4e7c876c57a31d0e6832b613f30a446506c210aa,NewSale
0xefFcEa37B1006aD2d5aaff41EA130F68051111C1,77752,0xbc2d6E7c81E7f35473b3594031FCC4c519fD24Ad,1,0xccce1a6e4730a31ab7e6e81c4634f562218373df,1,300000000000000,53062764,140590,4970990,1743076731,0xa1e57d7f20582f4b0753e223a26ae02af97d3e8e41574ef33d8239f4f3aed8ff,NewSale
0xF0eA9Ce6d0464592A938835BC53B6d4e54A4B59d,77938,0xbc2d6E7c81E7f35473b3594031FCC4c519fD24Ad,0,0xa75fc2cbe4c8a68276853c274e700561f05a78ae,1,170000000000000,105013164,135778,4971020,1743076791,0xb2960fcce2095dec97ae6f2791d42ac10add25246e6347d13e1a42e4a574b8d9,NewSale
0xfd450507235549543aF51E4C39e2C820E5fB2e5a,77929,0xbc2d6E7c81E7f35473b3594031FCC4c519fD24Ad,1,0xec483d4adfd837ed64d3744a881dd8f5609cd8b9,1,249900000000000,55237817,135778,4971045,1743076841,0x3b01ef23d0c9c5d6bb9317e701b626c0120c368acc5c2bf95185f39e52049ef9,NewSale
0xF27b87f2336b37fE60e63394aBcF22EAb686FCD8,77935,0xbc2d6E7c81E7f35473b3594031FCC4c519fD24Ad,1,0xec483d4adfd837ed64d3744a881dd8f5609cd8b9,1,200000000000000,55739138,135778,4971070,1743076891,0x9962f50560be444ccc644776a4737a1b373b2a73b6eedfe758060e667cf43c65,NewSale
0x1e5a55ADBB311e0127cF6F175Fa7b84180dd9988,75657,0x4489A334E66076933e76337E3eC7376BA84f0864,0,0x5d18b6e6d9612341e043961d57d1c74b66ded583,1,500000000000000,56473938,162483,4971094,1743076939,0x1c3fe94de45ac64628f89594f09d9d5fadc0d8fa8c35c340572ada9d804dec1e,NewSale
0xF27b87f2336b37fE60e63394aBcF22EAb686FCD8,77946,0xbc2d6E7c81E7f35473b3594031FCC4c519fD24Ad,0,0xf0ea9ce6d0464592a938835bc53b6d4e54a4b59d,1,200000000000000,62810000,157678,4971113,1743076977,0xf78d77b46411a1a3a3f78a57600e547b4984602a84cfc17b5da3cea81338051c,NewSale
0xF27b87f2336b37fE60e63394aBcF22EAb686FCD8,77957,0xbc2d6E7c81E7f35473b3594031FCC4c519fD24Ad,0,0xf0ea9ce6d0464592a938835bc53b6d4e54a4b59d,1,200000000000000,62890000,140578,4971129,1743077009,0xdfd444d74ed9026d8c4e4aacdf125c97e852c587a4513550860b2e53ff747465,NewSale
0xa153b13b05744Dd33311565005589bD31a13cb8c,77681,0xdc0F91C5a4D200FfC21658901c77c0fE1A14d199,0,0x096f92f264faf13643d887f9d556f13813a5a97a,1,1600000,57279010,181756,4971143,1743077037,0x7f149d026ab8172f82e9c33848fbd756a01690169b35fc43ecde23944c77db9d,NewSale
0xEa3af5B7577E34d5823324f65b5f4B4d6D799D69,77961,0xbc2d6E7c81E7f35473b3594031FCC4c519fD24Ad,0,0xf0ea9ce6d0464592a938835bc53b6d4e54a4b59d,1,199000000000000,63200000,135778,4971146,1743077043,0x5ec88c7519030cb0b519e9a2895818d4ffbe9d9b974baf8f5f21d2605c2cc122,NewSale
0xEa3af5B7577E34d5823324f65b5f4B4d6D799D69,77953,0xbc2d6E7c81E7f35473b3594031FCC4c519fD24Ad,1,0x08bd0ee80fce4fd77056e06017fb5c33dc4a666c,1,200000000000000,60918610,152878,4971246,1743077243,0x24ef5fa42277a59d9f0630920ad12c3ecab7bf318b68f52e0b98123a66ded609,NewSale
0xEc483D4ADfD837Ed64d3744a881DD8f5609cd8B9,77960,0xbc2d6E7c81E7f35473b3594031FCC4c519fD24Ad,1,0x08bd0ee80fce4fd77056e06017fb5c33dc4a666c,1,200000000000000,60911360,140578,4971262,1743077275,0x98171ff11951cc1282c392defb9ad6896c699a8f5046c0cead4b06c8d07fde99,NewSale
0x2276375F92C406bA0fB0250D4439110e13E2281e,77962,0xbc2d6E7c81E7f35473b3594031FCC4c519fD24Ad,1,0x0d5fc3c5239a5af4eb5675cc9877e9f0c4225c19,1,180000000000000,60830000,152878,4971268,1743077287,0x6ae5660a8396656d64fcb55b2a1783787617f85fe55316cd7e07671a6f45e038,NewSale
0xF27b87f2336b37fE60e63394aBcF22EAb686FCD8,77959,0xbc2d6E7c81E7f35473b3594031FCC4c519fD24Ad,0,0x08bd0ee80fce4fd77056e06017fb5c33dc4a666c,1,200000000000000,60174477,140578,4971278,1743077307,0xdabcb9a1a8ecc6ac5be2bb14a1bb67400d19c47ddaf158fa11e49479a72a25f9,NewSale
0x30587E5e7f4A7335C4e020aCb3518A5DdE52b742,77928,0xEB255E4669Da7FeEf1F746a5a778b4e08b65a1A7,0,0xea3af5b7577e34d5823324f65b5f4b4d6d799d69,1,500000000000000,59730000,162483,4971311,1743077373,0xbfc0bd0dc0d3e3d1b8c3cb0cfc7e175cd5b7b4d3d656c3c785ba70bb39ee5cc7,NewSale
0xF0eA9Ce6d0464592A938835BC53B6d4e54A4B59d,77972,0xbc2d6E7c81E7f35473b3594031FCC4c519fD24Ad,0,0xab685eb1b6ae268aff49fc8094ce9fe8974ec4be,1,170000000000000,54560000,140578,4971426,1743077603,0x745667d29b714c30aa9c4e52da95f9219c28265f9e885a306b15c8610d80df4c,NewSale
0x054CC994d73c0C4d4F1fC2Ae5565C5a71fAdd188,77965,0xbc2d6E7c81E7f35473b3594031FCC4c519fD24Ad,1,0x6ea95025e27ae192789e2b5d54dd091343949f52,1,249900000000000,54874458,152878,4971478,1743077707,0x59f951b6aad998fdd5887252107342d3ceb0b27c7ca55298ccc59ef9e7b74cf4,NewSale
0xF0eA9Ce6d0464592A938835BC53B6d4e54A4B59d,77974,0xbc2d6E7c81E7f35473b3594031FCC4c519fD24Ad,0,0x6ea95025e27ae192789e2b5d54dd091343949f52,1,170000000000000,55762371,140578,4971584,1743077919,0xdc39674df3d1ec07025178e4596baff92866cb3794cb9a7c6cf2ef43c2c8d1cb,NewSale
0x5C3fbC41F4eEE410eBE6Af094dC0DFe53d154D7E,77944,0xbc2d6E7c81E7f35473b3594031FCC4c519fD24Ad,1,0xccce1a6e4730a31ab7e6e81c4634f562218373df,1,223000000000000,55710887,140578,4971625,1743078001,0x2664e431e1386a562acaa1cf16a68eec18b04e7a659e7d67a4f36aa6b9e365c7,NewSale
0x0d10a41CB8cf5FEEB00be965f373c7517A57d93C,77982,0xDfC21bE7cC791a5f03A95E836D385bBC6d7dF384,1323,0xe77fb6d4a9d94d919fd290f2ef1a21b618ba9eb2,1,190000000000000,56110000,150446,4971643,1743078037,0xa37ef7c9d585927a6ee9aab3c74323b7e81718c68456ad231dcc26d8c108fdb9,NewSale
0xab685eb1b6aE268AFF49fC8094Ce9fE8974eC4Be,77978,0xbc2d6E7c81E7f35473b3594031FCC4c519fD24Ad,0,0xccce1a6e4730a31ab7e6e81c4634f562218373df,1,200000000000000,56991662,140578,4971667,1743078085,0xca723fbae6251066d26a3385593817706e96c11563fe38be72eb7c286d5ea2ef,NewSale
0x649bcF527728d15e63b61d47253B2b713898c780,77987,0xbc2d6E7c81E7f35473b3594031FCC4c519fD24Ad,1,0x26f8e5c9ad29b9d86fd6a5314424b7dbb7b6c6ee,1,249900000000000,58767748,152878,4971699,1743078149,0x2f6ae212e9a8a1b398b862e72f019910818472aec54a751efa7b5bd87c12bb8f,NewSale
0xEc483D4ADfD837Ed64d3744a881DD8f5609cd8B9,77969,0xbc2d6E7c81E7f35473b3594031FCC4c519fD24Ad,1,0xccce1a6e4730a31ab7e6e81c4634f562218373df,1,200000000000000,58926018,140578,4971713,1743078177,0xe40b6b35573804bae5c29635cd23b92c4fe1b7489d2a6f536e5c66643cfdd6d8,NewSale
0xEc483D4ADfD837Ed64d3744a881DD8f5609cd8B9,77975,0xbc2d6E7c81E7f35473b3594031FCC4c519fD24Ad,1,0x44df44411534a4dc55d50cbd4e6d8d7c1b5531f7,1,200000000000000,59490000,152878,4971729,1743078209,0x9a80011287befc1c9333469a1a84c97fe9b8313207a91e7a331125fe24b74d92,NewSale
